module	trait	nObs	bicor	Z	t	p
purple	MEmidnightblue	43	-0.259179046498833	-1.69828869742918	1.71827014122463	0.0932916095370577
purple	MEblack	43	-0.346707522141691	-2.31598792137731	2.36681722209698	0.0227457790735144
purple	MEmagenta	43	-0.258556078455355	-1.69401324723022	1.71384380977879	0.0941095651451865
purple	MEpurple	43	-0.121887166689748	-0.784358449506169	0.78632151351882	0.43620050945303
purple	MEtan	43	-0.153990028577268	-0.993923871847599	0.997920074035413	0.324171546812978
purple	MElightgreen	43	-0.215199618265216	-1.39983258775175	1.41100973452576	0.165785048822267
purple	MEturquoise	43	-0.0228146085086396	-0.146110126645647	0.146122806584261	0.88454053261154
purple	MEpink	43	-0.212196390134827	-1.37968232825962	1.39038298173206	0.171914588848001
purple	MEsalmon	43	-0.187123232369687	-1.21245938579238	1.2197178550524	0.2295419422526
purple	MEbrown	43	0.0203612168545	0.130393422602087	0.130402435012335	0.896885761506679
purple	MEyellow	43	0.0151921735734272	0.0972848598058816	0.0972886026839348	0.922971251831363
purple	MEroyalblue	43	0.169389021084981	1.0951748036789	1.10052229933874	0.277524186400942
purple	MEgrey60	43	0.181575098980964	1.1756840967748	1.18230121452556	0.243897716965791
purple	MEred	43	0.212299149541665	1.38037134929741	1.39108806752672	0.171702197952724
purple	MEcyan	43	0.245817862668507	1.60690760302775	1.62382778718572	0.112077191193313
purple	MElightyellow	43	0.148782007445141	0.959794002107668	0.963392215121185	0.340998728429842
purple	MEblue	43	0.11783074785826	0.758006074842837	0.759777762893763	0.45173423787132
purple	MEgreen	43	-0.0921899988551036	-0.591984926579518	0.592828615688286	0.556551836104131
purple	MElightcyan	43	-0.00693748038531593	-0.0444222614720009	0.0444226178147533	0.964783188286224
purple	MEdarkred	43	0.102583929479927	0.659176442948195	0.660341373555202	0.512727888517523
purple	MEgreenyellow	43	0.0504264313802723	0.323160804752504	0.323298011745384	0.748112798706862
purple	MEgrey	43	-0.0888856548072829	-0.570651912254747	0.571407615333979	0.5708427100068
purple	group	43	-0.131743289752514	-0.848500522544206	0.85098595825603	0.399720035258965
purple	age	43	-0.118626805295702	-0.76317558950478	0.764983790794805	0.448662269597547
purple	White_vs_nonwhite	43	0.00755808400154642	0.0483962724126725	0.0483967332014271	0.961635053863882
purple	apo	43	0.186252615802888	1.20668341292753	1.21383851892048	0.231755491705333
purple	apo_hdp	14	0.281723071724545	1.00303999788483	1.01711481159706	0.329167862122246
purple	apo_gdm	14	-0.415316301523383	-1.53119752821804	1.58154791417826	0.139737693918451
purple	apo_other	14	0.149294854720705	0.521067177562111	0.523034338800312	0.610472256465214
purple	preterm	43	0.1004436708106	0.645329400798189	0.64642242507694	0.521608129798903
purple	bmi	43	-0.113598047801874	-0.730535703909465	0.732121589599414	0.468258963685586
purple	gwg	39	-0.0705178039713417	-0.429656195077645	0.430013565496175	0.66968000529984
purple	egwg	39	-0.138007539363925	-0.844858353612883	0.847577406364369	0.402122969340806
purple	ppwr	42	-0.1374192828363	-0.874649503436207	0.877440158832821	0.385487459051307
purple	ppwr_e	42	-0.0709177939413614	-0.449277712942539	0.449655670437426	0.655386031217485
purple	low_income	43	-0.061410403597741	-0.393713871953744	0.39396200759025	0.695650670099083
purple	low_access	43	0.127352241517561	0.819904123476693	0.822146508250813	0.415749290924296
purple	SPL_SVM	43	-0.0690563964802575	-0.442881586045866	0.443234794952867	0.659925988183454
purple	RPL_SVM	43	-0.0652406460096027	-0.418338166995542	0.418635840409481	0.677667238699616
purple	SPL_EBM	43	0.00121957057904718	0.00780906580556927	0.00780906774137701	0.993807202838849
purple	RPL_EBM	43	0.0155127296811587	0.0993379043043632	0.0993418891830087	0.921350965380371
purple	F_HVM	43	-0.0993739118901361	-0.638410538370106	0.639468770374062	0.526075086958088
purple	RPL_HVM	43	-0.0993739118901361	-0.638410538370106	0.639468770374062	0.526075086958088
purple	epds_mth6	42	-0.239229891629276	-1.54292014248684	1.55827024802925	0.127046982398413
purple	epds_3a_mth6	42	-0.259226373065463	-1.67777088811971	1.69751850627834	0.0973672442884636
purple	sleep_mth6	42	0.0612386352277775	0.387792384492153	0.388035419157809	0.700047298832463
purple	reap_mth6	42	0.01403167084039	0.0887499033633223	0.0887528160696598	0.92972124173159
purple	KCAL_mth6	24	-0.0977198438164319	-0.459814055122465	0.460550909181744	0.649640868230478
purple	HEI2015_TOTAL_SCORE_mth6	24	-0.401594402080567	-1.99599926150527	2.05679017905228	0.0517558590153703
purple	ppaq_total_mth6	42	-0.110157722457832	-0.699537388908549	0.700964596684506	0.487383084192058
purple	PM2.5_7Days_mth6	21	-0.0870808576397335	-0.380540500369194	0.38102407477133	0.707412422815197
purple	PM2.5_30Days_mth6	20	-0.0501385969251895	-0.212898571470496	0.212987932706336	0.833729975982305
purple	PM2.5_90Days_mth6	20	-0.124367312199923	-0.530391753614407	0.531774383370131	0.601384439040257
purple	EH_7Days_mth6	36	0.108161483032624	0.633161252949251	0.634406251529795	0.53006155933834
purple	EH_30Days_mth6	36	-0.11440812584034	-0.670041995065052	0.671517574627769	0.506428129762144
purple	EH_90Days_mth6	36	0.121165662911293	0.70999938824608	0.711755150477602	0.481471848366195
purple	weight_mth6	42	-0.0845039733646177	-0.535727688203641	0.536368568383489	0.594674486596027
purple	postpart_epds_bbmr	11	-0.165894198911889	-0.502325055247993	0.504675605560354	0.625911262339903
purple	infant_apgar1_bbmr	28	0.135567792139557	0.695544957897724	0.697703969913307	0.491555190118091
purple	infant_apgar5_bbmr	28	-0.0143061955710338	-0.0729525476522977	0.0729550365166958	0.942400254616569
purple	infant_weight_bbmr	23	0.0784700745601374	0.360335870512155	0.360707308404607	0.721921290690187
purple	breastfeeding	42	-0.210524800158123	-1.351686628815	1.36200018902128	0.180819283795634
purple	feeding_mth6	42	0.140172130143219	0.892402039876186	0.895366207375279	0.375947978941924
purple	ex_feeding_mth6	42	-0.140172130143219	-0.892402039876186	0.895366207375279	0.375947978941924
tan	MEmidnightblue	43	-0.0236529303256044	-0.151480904895131	0.151495035173523	0.88032820958743
tan	MEblack	43	-0.0617411803588411	-0.395839937814482	0.396092115531444	0.694090944815336
tan	MEmagenta	43	-0.111322684651485	-0.715779639403784	0.717271314572096	0.477273487716911
tan	MEpurple	43	0.0417128942738891	0.267247917046021	0.267325514184541	0.790558709166389
tan	MEtan	43	-0.192005358933526	-1.24488554449533	1.2527428549415	0.217397537042634
tan	MElightgreen	43	-0.203705165546941	-1.32285410642556	1.33228444994223	0.190124913060396
tan	MEturquoise	43	0.0117582390948244	0.0752929357702654	0.0752946708945531	0.940346457265101
tan	MEpink	43	-0.0364352246692957	-0.23340258940174	0.233454279904325	0.816570361198339
tan	MEsalmon	43	0.0343125762099521	0.219793973833645	0.219837139437624	0.827088901423058
tan	MEbrown	43	0.100584537006292	0.646240590377475	0.647338252743947	0.521021322750356
tan	MEyellow	43	0.0885604643723279	0.568553156533779	0.569300550039502	0.572258158169916
tan	MEroyalblue	43	0.0595964925427276	0.382056497099437	0.382283235442879	0.704225785232516
tan	MEgrey60	43	-0.052282577761275	-0.335077371474773	0.335230325058644	0.739160591059218
tan	MEred	43	0.0402622152624158	0.257943406075136	0.258013176830098	0.797687481886119
tan	MEcyan	43	-0.0237500100098068	-0.152102867568057	0.15211717261711	0.879840620779077
tan	MElightyellow	43	0.0223873435031679	0.143372897503664	0.143384878059471	0.886688631839314
tan	MEblue	43	0.104955764497302	0.67452892303232	0.67577719033271	0.502976225211257
tan	MEgreen	43	0.00712243214629831	0.0456065891086892	0.0456069747191198	0.963844926510538
tan	MElightcyan	43	-0.11065055504156	-0.711422235200791	0.712886822450893	0.479953710690741
tan	MEdarkred	43	-0.153709522886727	-0.992084214820175	0.996058250595995	0.325064363483751
tan	MEgreenyellow	43	0.067190851086485	0.430880568915768	0.431205831381866	0.668577548431357
tan	MEgrey	43	-0.0212672519816408	-0.136197392950115	0.136207663202137	0.892323723991257
tan	group	43	-0.0507167385487904	-0.325024443862218	0.325164038557361	0.74671045201443
tan	age	43	0.132397834866363	0.852766058571591	0.855289189309303	0.397361714044284
tan	White_vs_nonwhite	43	0.255312526348515	1.67177638329726	1.69083448112319	0.0984581081968034
tan	apo	43	0.090318299626386	0.579899561537197	0.580692612939236	0.564626068819882
tan	apo_hdp	14	0.23385672179527	0.825375711910727	0.833207397226916	0.421002648758835
tan	apo_gdm	14	-0.0487764480633412	-0.169100762606727	0.169167929606012	0.868482705920161
tan	apo_other	14	-0.232827734234118	-0.821605934969624	0.829330599787047	0.423108021547209
tan	preterm	43	0.013129522177096	0.0840747929597598	0.0840772087880137	0.933404236410937
tan	bmi	43	0.0376948528224687	0.24147924187652	0.241536486563869	0.810343303248137
tan	gwg	39	-0.184722100343525	-1.13666903130191	1.14329588437261	0.260259439688192
tan	egwg	39	-0.0546981118058042	-0.333048037353872	0.33321446779307	0.740853313161262
tan	ppwr	42	-0.0662240268339475	-0.419451425113189	0.419758984716843	0.676907635959095
tan	ppwr_e	42	-0.173173400522538	-1.10639451361018	1.11204626831192	0.272757427225798
tan	low_income	43	-0.0982427143525416	-0.631095926023498	0.632118187421338	0.530818977905655
tan	low_access	43	-0.0102474871224256	-0.0656182301091936	0.0656193786348727	0.947999785997904
tan	SPL_SVM	43	-0.0098637149589861	-0.0631606407382215	0.0631616649896704	0.949944703214799
tan	RPL_SVM	43	-0.00356033724904305	-0.02279737805964	0.022797426223343	0.981922454183624
tan	SPL_EBM	43	0.0312802804995897	0.200356886075398	0.200389582402806	0.842166615361134
tan	RPL_EBM	43	0.0392989086499805	0.251765457114541	0.251830333537163	0.802430291563436
tan	F_HVM	43	-0.0991664125838915	-0.637068671008752	0.638120241978647	0.526943709387764
tan	RPL_HVM	43	-0.0991664125838915	-0.637068671008752	0.638120241978647	0.526943709387764
tan	epds_mth6	42	-0.229635853278916	-1.47871274968037	1.49222187293108	0.143486725347786
tan	epds_3a_mth6	42	-0.179111087354559	-1.14515031178931	1.15141772195974	0.256396545860312
tan	sleep_mth6	42	-0.144525352144227	-0.920503710047541	0.923757019411929	0.361152033640048
tan	reap_mth6	42	0.160692591138372	1.02519501326697	1.02969052114811	0.309341619415448
tan	KCAL_mth6	24	0.0655381929687959	0.307842633327004	0.308063691157118	0.760931700551022
tan	HEI2015_TOTAL_SCORE_mth6	24	-0.181460799243389	-0.860657587063881	0.865495392192793	0.396107287942415
tan	ppaq_total_mth6	42	0.182084197108155	1.16458789169873	1.17118026531727	0.24845597767332
tan	PM2.5_7Days_mth6	21	0.0835143396607787	0.364880454343317	0.365306738417551	0.71891750223325
tan	PM2.5_30Days_mth6	20	0.0184033296615574	0.0780875316248397	0.0780919405089681	0.938616476951254
tan	PM2.5_90Days_mth6	20	0.160632948860958	0.687461976518906	0.69047423621302	0.498703561204216
tan	EH_7Days_mth6	36	-0.0158823207584678	-0.0926168363190856	0.0926207307601578	0.926748486121588
tan	EH_30Days_mth6	36	0.0486801584488495	0.284076201396767	0.284188590945812	0.777989491462015
tan	EH_90Days_mth6	36	0.142470042469485	0.836426104703479	0.839297542253173	0.407165109459609
tan	weight_mth6	42	0.0849262417702874	0.538417653071344	0.539068238006822	0.592827719313308
tan	postpart_epds_bbmr	11	-0.361825144940741	-1.13695317612144	1.16436590751703	0.274211243737519
tan	infant_apgar1_bbmr	28	0.316689621594449	1.67229180916814	1.70243206437656	0.100602920532418
tan	infant_apgar5_bbmr	28	0.0489799619635365	0.249949789430119	0.250049901376502	0.804513963052979
tan	infant_weight_bbmr	23	0.0966900268362876	0.444477972947791	0.445175216436896	0.660748136944184
tan	breastfeeding	42	0.0163379613311583	0.103339535687319	0.103344133953135	0.918206252966561
tan	feeding_mth6	42	-0.226894116142581	-1.46041928848288	1.47343234176064	0.148461030343225
tan	ex_feeding_mth6	42	0.226894116142581	1.46041928848288	1.47343234176064	0.148461030343225
darkgrey	MEmidnightblue	43	-0.299138838721829	-1.97583472217658	2.00734005865133	0.0513358695325419
darkgrey	MEblack	43	-0.342712972235793	-2.28696115232312	2.3358951713168	0.0244673056059746
darkgrey	MEmagenta	43	-0.31142895966363	-2.06261963804197	2.09847674986808	0.0420662844527245
darkgrey	MEpurple	43	-0.32237174232416	-2.14051107130724	2.18060177183728	0.0350059240876223
darkgrey	MEtan	43	-0.240493180453111	-1.57067038270494	1.58646927202272	0.120316335954093
darkgrey	MElightgreen	43	-0.0911256298070978	-0.585111897275804	0.585926532151173	0.56113671678156
darkgrey	MEturquoise	43	-0.202081625069418	-1.31201205113369	1.32121209731709	0.193756927470152
darkgrey	MEpink	43	-0.16320754083668	-1.05446812530778	1.05924071542038	0.295690823269927
darkgrey	MEsalmon	43	0.0261018305116875	0.167171235387893	0.167190227110119	0.868042273003864
darkgrey	MEbrown	43	0.321877667338028	2.13698116983851	2.17687312304462	0.0353022100250038
darkgrey	MEyellow	43	0.313414476622498	2.07670831453101	2.11330782230964	0.0407055280972087
darkgrey	MEroyalblue	43	0.243433705487208	1.59066984233499	1.60708121909268	0.115711679781123
darkgrey	MEgrey60	43	0.192286344181784	1.24675370032919	1.25464648225143	0.216712390437018
darkgrey	MEred	43	0.199066307344745	1.29189528345747	1.30067803774404	0.200632065981617
darkgrey	MEcyan	43	0.0229703364296165	0.147107794716133	0.147120736180161	0.883757803932387
darkgrey	MElightyellow	43	0.00654381623864417	0.0419014664647804	0.0419017655214485	0.966780404446092
darkgrey	MEblue	43	-0.0529212724790526	-0.339178360526479	0.339336999624498	0.736087948731109
darkgrey	MEgreen	43	-0.127817612218274	-0.822933257937023	0.825200601865436	0.414033377683124
darkgrey	MElightcyan	43	0.0174032313194533	0.111446304518927	0.111451931409734	0.91180182060293
darkgrey	MEdarkred	43	-0.207241315353221	-1.34649462704527	1.35644040951842	0.182381907140082
darkgrey	MEgreenyellow	43	0.0868174478580939	0.55730591832431	0.558009817332995	0.579872165189987
darkgrey	MEgrey	43	-0.107388259510685	-0.690282076291042	0.691619894310983	0.493074117867529
darkgrey	group	43	0.214811635083839	1.39722787400531	1.40834264502731	0.166567885826584
darkgrey	age	43	0.0447092839844131	0.286470078701941	0.286565654109544	0.775888074526906
darkgrey	White_vs_nonwhite	43	-0.268690976790495	-1.76375597123585	1.78614461667522	0.0814728500592073
darkgrey	apo	43	-0.0343146414387714	-0.219807213338862	0.219850386743984	0.827078652573489
darkgrey	apo_hdp	14	0.219582170174239	0.773246612852216	0.779683908758136	0.450681385991008
darkgrey	apo_gdm	14	-0.536133593524889	-2.07400490670362	2.20015201845891	0.0481236854790471
darkgrey	apo_other	14	0.0339359474018405	0.117602729748959	0.117625321231819	0.908310414676031
darkgrey	preterm	43	0.0810419850715068	0.52006245581258	0.52063442764886	0.605421925126542
darkgrey	bmi	43	0.0372408800614494	0.238568311353366	0.238623510619779	0.812586238060971
darkgrey	gwg	39	-0.139891872261055	-0.856545959738698	0.859379501437322	0.395665054052315
darkgrey	egwg	39	-0.20752837288649	-1.28095125769187	1.29043998070272	0.204904173351367
darkgrey	ppwr	42	0.0120763732950147	0.0763814042416813	0.0763832609977018	0.939494963856768
darkgrey	ppwr_e	42	0.043566790792726	0.275715108636301	0.275802448341574	0.784119710609379
darkgrey	low_income	43	-0.177297393683728	-1.14738212029531	1.1535322793426	0.255372398706117
darkgrey	low_access	43	0.13830797430646	0.891315782964144	0.894197029582312	0.376435800118833
darkgrey	SPL_SVM	43	-0.307044122699785	-2.03157411365903	2.06583105383879	0.045202868952693
darkgrey	RPL_SVM	43	-0.285883007527522	-1.88301195955559	1.91027045319888	0.0631099499050971
darkgrey	SPL_EBM	43	-0.176295778619364	-1.14076171990247	1.14680592104548	0.258110516174606
darkgrey	RPL_EBM	43	-0.180473240841651	-1.16838972669412	1.17488430662228	0.246819463241455
darkgrey	F_HVM	43	-0.362905754170392	-2.43464931934854	2.49373918093741	0.0167667843572974
darkgrey	RPL_HVM	43	-0.362905754170392	-2.43464931934854	2.49373918093741	0.0167667843572974
darkgrey	epds_mth6	42	-0.195905935659826	-1.25524405879991	1.26350117896775	0.213723841463586
darkgrey	epds_3a_mth6	42	-0.246025472905467	-1.58858776212906	1.60534460822845	0.116285219395068
darkgrey	sleep_mth6	42	0.100733703785164	0.639264027973587	0.640353086962739	0.52559454844289
darkgrey	reap_mth6	42	0.0591981927518165	0.374840521828284	0.375060006722236	0.709597248121387
darkgrey	KCAL_mth6	24	0.120385658070015	0.567410567633239	0.568795524038272	0.575256133434268
darkgrey	HEI2015_TOTAL_SCORE_mth6	24	-0.0439837364608602	-0.206435200468255	0.206501853420708	0.838298116939286
darkgrey	ppaq_total_mth6	42	-0.0474280581726754	-0.300186594803243	0.30029931754933	0.765504080766326
darkgrey	PM2.5_7Days_mth6	21	0.00815751285677353	0.0355585629356866	0.0355589573286856	0.972004967360211
darkgrey	PM2.5_30Days_mth6	20	0.122451904298378	0.522139685000925	0.523458747095993	0.607040143243972
darkgrey	PM2.5_90Days_mth6	20	0.0653236865541036	0.277540152265479	0.2777381438065	0.784378279787324
darkgrey	EH_7Days_mth6	36	-0.249657730131005	-1.4871712038547	1.503346980988	0.141982299154474
darkgrey	EH_30Days_mth6	36	0.0337095470874561	0.196633250367405	0.196670520883023	0.845256284945763
darkgrey	EH_90Days_mth6	36	-0.143983524585602	-0.845435975676136	0.848401274668583	0.40214820555326
darkgrey	weight_mth6	42	-0.0849646242482228	-0.538662169540396	0.539313641460962	0.592659981144675
darkgrey	postpart_epds_bbmr	11	0.0248180728220305	0.0744695104806695	0.0744771586081412	0.942259830564916
darkgrey	infant_apgar1_bbmr	28	-0.0971183942426058	-0.496774391059812	0.497560638253729	0.622975823655802
darkgrey	infant_apgar5_bbmr	28	0.256875999897096	1.33982253368527	1.35529346173127	0.186982183878803
darkgrey	infant_weight_bbmr	23	-0.109433073107093	-0.50350171153848	0.504515376527918	0.619152162432852
darkgrey	breastfeeding	42	0.0307186604861479	0.194343012695664	0.194373598228761	0.846867194339746
darkgrey	feeding_mth6	42	0.144281200473984	0.918926674465169	0.922163279712276	0.361972444859069
darkgrey	ex_feeding_mth6	42	-0.144281200473984	-0.918926674465169	0.922163279712276	0.361972444859069
magenta	MEmidnightblue	43	0.151319962889606	0.976419176635001	0.98020777636109	0.332732415905754
magenta	MEblack	43	-0.0345490882029103	-0.221310186958982	0.221354252088225	0.825915378044144
magenta	MEmagenta	43	-0.111863343691002	-0.719285201258221	0.720798909857392	0.47512326196528
magenta	MEpurple	43	-0.0301608882153094	-0.193182506605251	0.193211814731181	0.847747067453628
magenta	MEtan	43	-0.287844559673868	-1.89669828684635	1.92455723820388	0.06124339951565
magenta	MElightgreen	43	-0.0133047995325109	-0.0851973117419222	0.0851998256327415	0.932517222678648
magenta	MEturquoise	43	-0.00766591731853978	-0.0490867825489064	0.0490872633438247	0.961088105463359
magenta	MEpink	43	0.0118624838815262	0.0759605212091405	0.0759623028975588	0.939818550641991
magenta	MEsalmon	43	0.117542711692479	0.756135840416865	0.757894440824107	0.452848578001048
magenta	MEbrown	43	0.0473157216614339	0.303194841351922	0.303308154160284	0.763188814245352
magenta	MEyellow	43	-0.110477164404887	-0.710298253444032	0.711755907075316	0.480646413199667
magenta	MEroyalblue	43	0.0779720824168834	0.500280422264819	0.500789563146831	0.619197179914253
magenta	MEgrey60	43	-0.0161681575223091	-0.103535743670749	0.103540255384026	0.918039017761334
magenta	MEred	43	0.0705943812111671	0.452777744905054	0.453155168186539	0.652826227535145
magenta	MEcyan	43	-0.15968212244168	-1.03129028959897	1.0357547703159	0.306387136080951
magenta	MElightyellow	43	-0.259872070458343	-1.70304668325926	1.72319693778525	0.0923881356715201
magenta	MEblue	43	-0.0912118399516688	-0.585668538195987	0.586485500919788	0.560764703579573
magenta	MEgreen	43	0.160373274842049	1.035832136014	1.0403559139677	0.304270931003771
magenta	MElightcyan	43	0.116548771974565	0.749683119987068	0.7513970605166	0.456705336897279
magenta	MEdarkred	43	-0.0327823895620409	-0.209984957301155	0.210022597577126	0.834690248507644
magenta	MEgreenyellow	43	-0.00429643729302268	-0.0275107910437189	0.0275108756834993	0.978185739969344
magenta	MEgrey	43	-0.0423782842810461	-0.27151603740473	0.271597412291599	0.787294518356385
magenta	group	43	-0.000453485470414777	-0.00290372400598601	0.00290372410551059	0.997697249360903
magenta	age	43	0.099297434349918	0.637915962917623	0.638971736582608	0.526395151110646
magenta	White_vs_nonwhite	43	0.0668207983086681	0.428500388489581	0.428820289637612	0.670298779967897
magenta	apo	43	-0.0696507272839224	-0.446705553096993	0.447067991853065	0.657178853661533
magenta	apo_hdp	14	0.0587847031495192	0.203871237210693	0.203988946460092	0.841780685739956
magenta	apo_gdm	14	-0.4835691733198	-1.8277721010522	1.91376783550681	0.0797985343046738
magenta	apo_other	14	0.200912845547576	0.705580743123921	0.710469613206029	0.490990784246156
magenta	preterm	43	0.0265741399943456	0.170197591091361	0.170217633063848	0.865676168562362
magenta	bmi	43	0.0469925865354836	0.301121156108092	0.301232159621155	0.764759961468032
magenta	gwg	39	-0.0894147063265319	-0.545344879097914	0.546075740929659	0.588291660794859
magenta	egwg	39	-0.169995650169673	-1.04418030205732	1.04931616445177	0.300838543881511
magenta	ppwr	42	0.163227587825792	1.04165963446128	1.04637543346196	0.301669848817671
magenta	ppwr_e	42	0.164548738764281	1.05024595074828	1.0550794380109	0.29772032016308
magenta	low_income	43	-0.113819349364955	-0.731971286930013	0.733566544408353	0.467387084115064
magenta	low_access	43	0.202691493205563	1.31608389682539	1.32536998766802	0.192386886791581
magenta	SPL_SVM	43	-0.262997488081628	-1.72452730375033	1.74545156288888	0.0883974171028916
magenta	RPL_SVM	43	-0.264384852509716	-1.73407462687154	1.75534919251822	0.0866694082751903
magenta	SPL_EBM	43	-0.0570678907079071	-0.365810256446854	0.366009279506968	0.716239998880853
magenta	RPL_EBM	43	-0.0260889137644063	-0.167088471490704	0.167107435018728	0.868106997453586
magenta	F_HVM	43	-0.214355034457275	-1.39416308196557	1.4052047580175	0.167492595973383
magenta	RPL_HVM	43	-0.214355034457275	-1.39416308196557	1.4052047580175	0.167492595973383
magenta	epds_mth6	42	-0.0234602165728449	-0.148402667579654	0.148416285971835	0.882759939471988
magenta	epds_3a_mth6	42	-0.0101714096216198	-0.064331861438382	0.0643329707903508	0.949025538552552
magenta	sleep_mth6	42	-0.0460277919207744	-0.29131115244767	0.291414168798353	0.772240487907896
magenta	reap_mth6	42	-0.153311745420587	-0.977334459601016	0.981228826963776	0.332377808747495
magenta	KCAL_mth6	24	0.0836366991825995	0.393209454639451	0.39367018892525	0.697614025396451
magenta	HEI2015_TOTAL_SCORE_mth6	24	-0.320730490824502	-1.55938100602904	1.5882666869561	0.126495344263549
magenta	ppaq_total_mth6	42	-0.272077268882057	-1.76522002186395	1.78822790767798	0.0813159436972541
magenta	PM2.5_7Days_mth6	21	-0.0923299488421386	-0.403606426018924	0.404183399080223	0.690591268596469
magenta	PM2.5_30Days_mth6	20	-0.212388007931608	-0.915013883385199	0.922123878070707	0.3686594668836
magenta	PM2.5_90Days_mth6	20	-0.17315622519941	-0.742116881393105	0.745907041428913	0.465353995609127
magenta	EH_7Days_mth6	36	-0.04861904288835	-0.283718994070899	0.283830960151817	0.778261243522106
magenta	EH_30Days_mth6	36	-0.0374097458256608	-0.218236272756618	0.218287227082191	0.828510252569361
magenta	EH_90Days_mth6	36	-0.0465971638450205	-0.271902728632165	0.272001278886083	0.787266005730416
magenta	weight_mth6	42	0.0890201496028724	0.56450718720675	0.565257029925227	0.575055956135434
magenta	postpart_epds_bbmr	11	0.572248532520392	1.95257957489912	2.09338732009513	0.0658207021926204
magenta	infant_apgar1_bbmr	28	-0.206222801284607	-1.06683289528508	1.07463326333715	0.292411132153566
magenta	infant_apgar5_bbmr	28	-0.416584222523855	-2.26167947371383	2.33657220731769	0.0274399275202911
magenta	infant_weight_bbmr	23	-0.194018832274425	-0.900521237507975	0.906328210860913	0.375044525081079
magenta	breastfeeding	42	-0.0705825620896642	-0.447146854331352	0.447519458610658	0.656914277705771
magenta	feeding_mth6	42	-0.140366300856812	-0.893654730556522	0.896631406574825	0.375280454165542
magenta	ex_feeding_mth6	42	0.140366300856812	0.893654730556521	0.896631406574825	0.375280454165542
black	MEmidnightblue	43	-0.0280827378901931	-0.179864552389613	0.179888207161851	0.858126483052314
black	MEblack	43	0.070095515471709	0.449567560213937	0.449937011203142	0.65512585134283
black	MEmagenta	43	0.0124663347894596	0.079827625937626	0.0798296938298916	0.936761093724779
black	MEpurple	43	0.124936229935306	0.804183947791366	0.806299742870144	0.424722339721369
black	MEtan	43	-0.136627573067057	-0.880348713300536	0.883124841730466	0.382317839673057
black	MElightgreen	43	-0.014730046516317	-0.0943251403047409	0.0943285518566578	0.925307664491597
black	MEturquoise	43	0.0470194851386157	0.301293772613574	0.301404967147158	0.764629139438821
black	MEpink	43	-0.228229446132454	-1.48757907598082	1.50099674295727	0.141019004256342
black	MEsalmon	43	-0.298667683988147	-1.97252188000983	2.00386850904272	0.0517215839138365
black	MEbrown	43	-0.0491247975751894	-0.314805579591119	0.314932416206276	0.75441023168137
black	MEyellow	43	0.0887987112608148	0.570090772889013	0.570844248254105	0.571220989720163
black	MEroyalblue	43	0.122534121860202	0.788563792651051	0.79055861728953	0.433750771094138
black	MEgrey60	43	0.209619738524453	1.36241563588616	1.37271894618366	0.177302240415791
black	MEred	43	-0.0538751271667416	-0.345303476022683	0.345470866556062	0.731506701109621
black	MEcyan	43	0.325175427530738	2.16056575437352	2.20179822379436	0.0333630739792696
black	MElightyellow	43	0.194080253729747	1.25868562668147	1.26680749148723	0.212373431238116
black	MEblue	43	0.19332582674048	1.25366661914781	1.26169158968132	0.214190754977036
black	MEgreen	43	0.140456499012682	0.905345622831815	0.908365172729412	0.36899398788007
black	MElightcyan	43	0.0428125594614806	0.274301809804155	0.274385715368318	0.785166038168145
black	MEdarkred	43	-0.041752094163228	-0.267499356715181	0.26757717309393	0.790366308343238
black	MEgreenyellow	43	0.163318619356023	1.05519885227355	1.05998138020479	0.295357766479934
black	MEgrey	43	0.0294001541510425	0.188307107753131	0.188334252376003	0.85154373436458
black	group	43	0.0836428673960465	0.536829926236926	0.537459037814135	0.593855869553371
black	age	43	0.154075127617706	0.99448201407855	0.998484957718638	0.323900990869244
black	White_vs_nonwhite	43	0.206767430101061	1.34332443555729	1.35320003145737	0.183406285319928
black	apo	43	-0.0236739075729693	-0.151615300071746	0.151629467993737	0.880222846339156
black	apo_hdp	14	0.177815750448252	0.622589863660062	0.6259470467897	0.543072277208842
black	apo_gdm	14	0.338445893540837	1.22052885872703	1.24593899223352	0.236563575763825
black	apo_other	14	-0.222058554549987	-0.782264807409826	0.788930359907365	0.44546034105487
black	preterm	43	-0.0745062838173607	-0.477958717415644	0.478402690910643	0.634904905834134
black	bmi	43	0.00973326757335021	0.0623252897179501	0.0623262738647125	0.950605862887675
black	gwg	39	-0.232232189863562	-1.43886298511853	1.45231911927731	0.154841005506538
black	egwg	39	-0.218268616452004	-1.3493841657701	1.36047904075683	0.181909335825456
black	ppwr	42	-0.0877139823958979	-0.556181244116507	0.556898387017918	0.580699689487925
black	ppwr_e	42	-0.0770687084882536	-0.488393798925437	0.488879343013162	0.627597019741256
black	low_income	43	0.155031597899771	1.00075628452827	1.0048355341737	0.320869825294284
black	low_access	43	-0.0495882779986389	-0.317780549606587	0.317911016497287	0.752166040912318
black	SPL_SVM	43	0.242925941901778	1.58721421549837	1.60351864817809	0.116497124617159
black	RPL_SVM	43	0.239384847929881	1.56314006501241	1.57871235850304	0.12208728588914
black	SPL_EBM	43	0.300620381050272	1.98625862266304	2.0182668437504	0.0501380761166512
black	RPL_EBM	43	0.30002188936978	1.98204650311231	2.01385087478409	0.0506191987903819
black	F_HVM	43	0.247325844439336	1.61718845185323	1.63443617671497	0.109823542822827
black	RPL_HVM	43	0.247325844439336	1.61718845185323	1.63443617671497	0.109823542822827
black	epds_mth6	42	-0.119476703135479	-0.759263623564326	0.761088693394722	0.451067846506902
black	epds_3a_mth6	42	-0.0903121551500337	-0.572744779343328	0.573527938905287	0.56949808542925
black	sleep_mth6	42	-0.0596274844019502	-0.377565218527616	0.37778952514546	0.707584313751365
black	reap_mth6	42	0.0243985672611976	0.154340719076815	0.154356038529439	0.878105212246395
black	KCAL_mth6	24	0.215877993401563	1.02874207393108	1.03700987659707	0.310995723437235
black	HEI2015_TOTAL_SCORE_mth6	24	0.193935913235084	0.921308740793199	0.927244542822897	0.363861178569465
black	ppaq_total_mth6	42	-0.0243992362328553	-0.154344952545283	0.154360273258575	0.878101895211598
black	PM2.5_7Days_mth6	21	0.297186249572789	1.33569926226584	1.35670122979124	0.190778186349322
black	PM2.5_30Days_mth6	20	0.243070625724323	1.0523232904203	1.06314658834523	0.301771195114192
black	PM2.5_90Days_mth6	20	0.409230452404432	1.84421873916466	1.90284816730252	0.073180559782492
black	EH_7Days_mth6	36	0.204940100919848	1.21216066882584	1.22091028024462	0.230519425815203
black	EH_30Days_mth6	36	-0.0640428851359562	-0.373942783803936	0.374199158175954	0.710579790223281
black	EH_90Days_mth6	36	0.165935023779714	0.976589197141041	0.981161286130841	0.333443755267245
black	weight_mth6	42	-0.0330176657149549	-0.208897986621628	0.208935971891025	0.83555861520517
black	postpart_epds_bbmr	11	-0.177683877815377	-0.538770112815094	0.541670907944214	0.601195440256014
black	infant_apgar1_bbmr	28	0.110506531784724	0.565785576828019	0.566947288537382	0.575612462831683
black	infant_apgar5_bbmr	28	-0.100385744459506	-0.513598759890947	0.514467655506145	0.611270815691879
black	infant_weight_bbmr	23	0.269983211937245	1.26866644296483	1.28493451003552	0.212807625587159
black	breastfeeding	42	0.103815349405873	0.658960104942514	0.660152998932174	0.512939387261862
black	feeding_mth6	42	-0.0429568792354529	-0.271850456100107	0.271934174144622	0.787071358716657
black	ex_feeding_mth6	42	0.0429568792354529	0.271850456100106	0.271934174144622	0.787071358716657
green	MEmidnightblue	43	0.0749386814062883	0.480742958611725	0.481194737666	0.632936339836748
green	MEblack	43	0.0615136482548606	0.39437746710492	0.394626859696133	0.695163702842894
green	MEmagenta	43	0.0555492737357235	0.356055432210116	0.356238952837191	0.723488309439346
green	MEpurple	43	0.240694878970385	1.57204123587912	1.58788161149209	0.119996145122652
green	MEtan	43	-0.190829585181066	-1.23707057239948	1.24478065084349	0.220280774948687
green	MElightgreen	43	0.0694231651262855	0.445241364404661	0.445600250308286	0.658230174222119
green	MEturquoise	43	0.356569608190449	2.38804709051522	2.44379304983217	0.018924581905463
green	MEpink	43	0.00523359345050994	0.0335116550410647	0.0335118080275685	0.973429068348609
green	MEsalmon	43	0.00148659591762287	0.00951886536353138	0.00951886886960058	0.992451323526797
green	MEbrown	43	-0.00641495795959881	-0.0410763362528955	0.0410766179879503	0.967434198376188
green	MEyellow	43	0.0168676907605754	0.108016164532661	0.108021287685694	0.91450571229243
green	MEroyalblue	43	-0.359977314643737	-2.41308036469301	2.47060630480477	0.017736725856071
green	MEgrey60	43	-0.311955148016493	-2.06635143927717	2.10240420451273	0.0417021078217875
green	MEred	43	-0.378729560631664	-2.5521293045389	2.62024103547232	0.0122664603504822
green	MEcyan	43	-0.169383884858493	-1.09514094429697	1.10048794350502	0.277538970372376
green	MElightyellow	43	-0.148335116965619	-0.956867929403743	0.960433309220149	0.342467281871844
green	MEblue	43	-0.170933702940875	-1.10536052212458	1.11085876385203	0.273101442871497
green	MEgreen	43	-0.0478996012558596	-0.306941987910219	0.307059554438906	0.760352260008193
green	MElightcyan	43	-0.0791014014339562	-0.507556471845442	0.508088156885216	0.614114381006151
green	MEdarkred	43	-0.0363948842437163	-0.233143941663494	0.233195460504601	0.81676997341108
green	MEgreenyellow	43	0.240539890898784	1.57098783981552	1.58679632990395	0.120242127173457
green	MEgrey	43	0.114660301318689	0.737427210939143	0.739058422820301	0.464081835266056
green	group	43	-0.12683968329687	-0.816568264015142	0.818783375169846	0.417643864487662
green	age	43	0.186302506886254	1.20701435520811	1.21417535682085	0.231628250463136
green	White_vs_nonwhite	43	0.0498714892150445	0.31959848208143	0.319731201085642	0.750795711897833
green	apo	43	0.1684034301538	1.08867863255626	1.09393144258182	0.280370544173195
green	apo_hdp	14	0.0599100282031555	0.207783256526841	0.20790787352188	0.83878766746295
green	apo_gdm	14	-0.317397505072896	-1.13882477581569	1.15944933998732	0.26882403758432
green	apo_other	14	-0.00526311826002007	-0.0182321448124252	0.0182322289870892	0.985753232141791
green	preterm	43	0.233274955252292	1.5217031780614	1.53606736499034	0.132203871672617
green	bmi	43	-0.0512285906854564	-0.328310434458944	0.328454306378329	0.744239887263037
green	gwg	39	-0.139643657021908	-0.855006043058516	0.857824319572765	0.396512275093912
green	egwg	39	-0.0356365482484817	-0.216860493147092	0.216906435787248	0.829472867976541
green	ppwr	42	0.105570076335676	0.670180962416829	0.671435861611728	0.50580227027159
green	ppwr_e	42	0.17706947836771	1.13181509587786	1.13786586518424	0.261946382325665
green	low_income	43	0.0809819858600769	0.519675735383865	0.520246431927555	0.605689883051915
green	low_access	43	0.0583521295222349	0.374060876513197	0.374273673689303	0.710129493529712
green	SPL_SVM	43	0.0568113460780705	0.364162226188311	0.364358571174001	0.717462771531971
green	RPL_SVM	43	0.0553938184281124	0.355056960169325	0.355238941045615	0.72423165435589
green	SPL_EBM	43	0.0887924719681749	0.570050504420017	0.570803820088586	0.57124814046245
green	RPL_EBM	43	0.107980831813783	0.6941209053991	0.69548117640011	0.49067722682979
green	F_HVM	43	0.124075973035073	0.798588882200233	0.800660799576511	0.427943433641263
green	RPL_HVM	43	0.124075973035073	0.798588882200233	0.800660799576511	0.427943433641263
green	epds_mth6	42	-0.151601428930666	-0.966260063068592	0.970023439729855	0.337864066507755
green	epds_3a_mth6	42	-0.166157915856603	-1.06070937072987	1.06568890514078	0.292954854837596
green	sleep_mth6	42	0.178742409869087	1.14274147213117	1.1489693717841	0.257392887819631
green	reap_mth6	42	0.181771376571196	1.16254171717783	1.16909936449158	0.249283577474714
green	KCAL_mth6	24	-0.0688583206047605	-0.323486066522569	0.323742571674157	0.749190470596606
green	HEI2015_TOTAL_SCORE_mth6	24	0.118465219598855	0.558272579830227	0.55959166422654	0.581411166615236
green	ppaq_total_mth6	42	0.216787432200327	1.39318972541876	1.40448438591257	0.16789256285959
green	PM2.5_7Days_mth6	21	-0.0462781061725475	-0.201865779997562	0.201937945532171	0.842111661064303
green	PM2.5_30Days_mth6	20	-0.0400870463099292	-0.170166123485461	0.170211751386719	0.866742142633811
green	PM2.5_90Days_mth6	20	-0.140069978298096	-0.598199414126639	0.600183433351635	0.555865585857244
green	EH_7Days_mth6	36	-0.14320340889426	-0.840791391277705	0.843708053150178	0.404729703098457
green	EH_30Days_mth6	36	-0.206769561545707	-1.22330022142296	1.23229363756142	0.226293428835467
green	EH_90Days_mth6	36	-0.0120698508419742	-0.0703821375573783	0.0703838466293581	0.944300512525118
green	weight_mth6	42	0.0942780228633452	0.598042660437908	0.598934279634243	0.552593857255387
green	postpart_epds_bbmr	11	-0.200140048667298	-0.608635327020322	0.612819132039324	0.555162820093317
green	infant_apgar1_bbmr	28	-0.0558153431809392	-0.284899624479188	0.28504788271285	0.777865788520923
green	infant_apgar5_bbmr	28	-0.264711112095595	-1.38268974670375	1.39969747130606	0.173423076858431
green	infant_weight_bbmr	23	-0.154796329529605	-0.715114696927056	0.7180206282384	0.480657032560516
green	breastfeeding	42	0.0320129893056222	0.20253712956045	0.202571749394317	0.840496636407938
green	feeding_mth6	42	0.200473421358725	1.2853124983058	1.29417817193075	0.203026216775277
green	ex_feeding_mth6	42	-0.200473421358725	-1.2853124983058	1.29417817193075	0.203026216775277
midnightblue	MEmidnightblue	43	-0.280015669493905	-1.84217292035892	1.86769130865455	0.0689644677336247
midnightblue	MEblack	43	-0.183357683687307	-1.18749132121165	1.19431004410671	0.239220622482802
midnightblue	MEmagenta	43	-0.0565156015061155	-0.362262437191391	0.362455724932918	0.71887324879329
midnightblue	MEpurple	43	-0.124131170488192	-0.798947847017418	0.801022561074341	0.427736345478885
midnightblue	MEtan	43	-0.018693362885963	-0.119709870151968	0.119716843837536	0.905292166843972
midnightblue	MElightgreen	43	-0.10910521619657	-0.701406312765295	0.702809884007113	0.48614584386078
midnightblue	MEturquoise	43	-0.0638374176736378	-0.409315538286865	0.409594361110053	0.684235688313634
midnightblue	MEpink	43	0.095933388399499	0.616168309098416	0.617119711063933	0.540568002234723
midnightblue	MEsalmon	43	0.0450831099198106	0.288868567195328	0.288966563556464	0.774063061167021
midnightblue	MEbrown	43	0.0278492831257349	0.178368542496188	0.178391611908648	0.859293993682912
midnightblue	MEyellow	43	0.124878266725748	0.803806919836714	0.805919738884908	0.424938944071435
midnightblue	MEroyalblue	43	-0.126677846172629	-0.815515078441172	0.817721625066112	0.418243080315762
midnightblue	MEgrey60	43	0.0135053498731745	0.0864816912912624	0.0864843205987434	0.93150241077026
midnightblue	MEred	43	-0.1305230890483	-0.840550720681035	0.842966909415313	0.404137983321407
midnightblue	MEcyan	43	0.179100518924255	1.15930641322908	1.16565053331295	0.250492348432736
midnightblue	MElightyellow	43	0.208420538334255	1.35438620581587	1.36450814993255	0.179850574028578
midnightblue	MEblue	43	0.0967125024427722	0.621203793150893	0.62217871895983	0.537269292030913
midnightblue	MEgreen	43	-0.0538863225933485	-0.345375370449185	0.345542865569867	0.731452985176602
midnightblue	MElightcyan	43	0.0787723714257237	0.505436441830332	0.505961490844482	0.615593439910578
midnightblue	MEdarkred	43	0.105542631238688	0.678328796496366	0.67959828668756	0.500578008567218
midnightblue	MEgreenyellow	43	0.141420913686139	0.911646040047101	0.914729113021818	0.36568241868522
midnightblue	MEgrey	43	0.164331450292988	1.06186299167896	1.06673678951834	0.292332067102754
midnightblue	group	43	0.0922812912783438	0.592574499045062	0.593420712138541	0.556159404902672
midnightblue	age	43	-0.029089178860804	-0.186314189874797	0.186340481720518	0.853096707473005
midnightblue	White_vs_nonwhite	43	0.0688509133903522	0.441559566605507	0.441909621417136	0.660876808849203
midnightblue	apo	43	0.141902706933786	0.914794199616311	0.917909344904838	0.364034768466758
midnightblue	apo_hdp	14	-0.00066631906564249	-0.00230819729308786	0.00230819746388731	0.99819625480155
midnightblue	apo_gdm	14	0.204052634662714	0.71692229793451	0.722051074671444	0.484096530937411
midnightblue	apo_other	14	0.0978103586632981	0.339911764199068	0.340457490851485	0.739397954817756
midnightblue	preterm	43	0.0263183758696542	0.168558755407377	0.168578223969997	0.866957314335217
midnightblue	bmi	43	-0.201563367332405	-1.30855267390585	1.31768003772195	0.194926578648144
midnightblue	gwg	39	-0.122158367819099	-0.746789940559064	0.748667396266944	0.458790775708528
midnightblue	egwg	39	-0.127779960476978	-0.781527355376695	0.783679334385268	0.438216425573458
midnightblue	ppwr	42	-0.290466281479535	-1.89151913596402	1.91984368908217	0.0620293522372343
midnightblue	ppwr_e	42	-0.0949719688131539	-0.6024712129422	0.603382792763682	0.549660501188702
midnightblue	low_income	43	0.226864158981344	1.47835960963215	1.4915289072021	0.14347744139971
midnightblue	low_access	43	0.0851345836573626	0.546450082146831	0.547113633484629	0.587266503705364
midnightblue	SPL_SVM	43	0.308468382330376	2.04164796090692	2.07641877531406	0.0441639017593152
midnightblue	RPL_SVM	43	0.292810150081769	1.93142040298694	1.96084231125459	0.0567146204767427
midnightblue	SPL_EBM	43	0.108926748987681	0.700249820739754	0.701646457957082	0.486863626663456
midnightblue	RPL_EBM	43	0.123838630221076	0.797045430901575	0.799105351966151	0.428834529419214
midnightblue	F_HVM	43	0.207065051811879	1.34531538555656	1.3552350213737	0.182762450546173
midnightblue	RPL_HVM	43	0.207065051811879	1.34531538555656	1.3552350213737	0.182762450546173
midnightblue	epds_mth6	42	-0.104076587652938	-0.660630367491054	0.661832358668978	0.511873647830862
midnightblue	epds_3a_mth6	42	-0.165760765845549	-1.05812643290436	1.06306964495557	0.294126382449377
midnightblue	sleep_mth6	42	0.147973397418641	0.94278771708476	0.946283246977447	0.349685821779088
midnightblue	reap_mth6	42	0.232522816537977	1.49800149899897	1.51204720653947	0.138382998704078
midnightblue	KCAL_mth6	24	0.133131972543165	0.62817328129985	0.630052831483891	0.535149877960932
midnightblue	HEI2015_TOTAL_SCORE_mth6	24	-0.204826097010417	-0.974503482322698	0.981529569749134	0.3370032625393
midnightblue	ppaq_total_mth6	42	0.0994097698157799	0.630806031702165	0.631852418577762	0.531078209704759
midnightblue	PM2.5_7Days_mth6	21	-0.0160225593583307	-0.0698466945396336	0.0698496836248648	0.945043236304208
midnightblue	PM2.5_30Days_mth6	20	0.128441387158126	0.54795727867534	0.54948195817212	0.589427747258349
midnightblue	PM2.5_90Days_mth6	20	0.00363882540288786	0.0154382968476111	0.0154383309178118	0.987852317818464
midnightblue	EH_7Days_mth6	36	-0.454903189027639	-2.8622137789815	2.97854778146571	0.00531163262698181
midnightblue	EH_30Days_mth6	36	-0.231679844415534	-1.3758939406173	1.38869758724497	0.17395553610406
midnightblue	EH_90Days_mth6	36	-0.135028805287465	-0.792184678983047	0.794623893189023	0.432344283264065
midnightblue	weight_mth6	42	-0.273013945723961	-1.77161944308517	1.79487912534138	0.0802321405120824
midnightblue	postpart_epds_bbmr	11	-0.0783347915685989	-0.235486841183565	0.235728743467135	0.818919870359128
midnightblue	infant_apgar1_bbmr	28	-0.277483211386898	-1.4529822425551	1.4727255246522	0.152828551845872
midnightblue	infant_apgar5_bbmr	28	-0.18238865021208	-0.940526514453383	0.945868802430413	0.352923746726906
midnightblue	infant_weight_bbmr	23	0.118159737930945	0.544017245114982	0.545295959284871	0.591295267689729
midnightblue	breastfeeding	42	0.0448181545899872	0.283644915953438	0.283740010901459	0.778073160312033
midnightblue	feeding_mth6	42	0.399443412101759	2.67520152550331	2.7556916471226	0.00877602491863322
midnightblue	ex_feeding_mth6	42	-0.399443412101759	-2.67520152550331	2.7556916471226	0.00877602491863322
darkolivegreen	MEmidnightblue	43	0.0264447003511003	0.169368190112246	0.169387940499955	0.86632450124559
darkolivegreen	MEblack	43	0.0148019082377229	0.094785380182999	0.0947888419172126	0.924944306219266
darkolivegreen	MEmagenta	43	-0.0154062924392227	-0.0986562104976909	0.098660113900199	0.921888929707258
darkolivegreen	MEpurple	43	0.124212998432119	0.79948000672314	0.801558871448003	0.427429449241007
darkolivegreen	MEtan	43	-0.0497627430713605	-0.318900434636587	0.319032285836963	0.751321795287828
darkolivegreen	MElightgreen	43	0.0871268557451974	0.559302195633252	0.560013687830353	0.578517247040776
darkolivegreen	MEturquoise	43	0.186405525437462	1.20769772783196	1.21487091375111	0.231365665133428
darkolivegreen	MEpink	43	-0.0693400406164383	-0.444706533266843	0.445064127217133	0.658614365835831
darkolivegreen	MEsalmon	43	-0.0471098105956879	-0.301873421707148	0.301985259294311	0.764189886657953
darkolivegreen	MEbrown	43	0.118184150515461	0.760300913353863	0.762088748948177	0.450369053324907
darkolivegreen	MEyellow	43	0.121815225784266	0.783890860319882	0.785850413876746	0.436473391973079
darkolivegreen	MEroyalblue	43	-0.0346798154111793	-0.222148253654162	0.222192821304738	0.825266897283281
darkolivegreen	MEgrey60	43	-0.137477762159779	-0.885896792015022	0.888725772353255	0.379335105870362
darkolivegreen	MEred	43	-0.143343108494409	-0.92420877619188	0.927421160781611	0.359135559107329
darkolivegreen	MEcyan	43	-0.154028278568857	-0.994174741630937	0.9981739729802	0.324049920832711
darkolivegreen	MElightyellow	43	-0.163861411349724	-1.05876998654098	1.06360128033051	0.293733744715606
darkolivegreen	MEblue	43	-0.0863217647866924	-0.554108032059674	0.554799880302923	0.582045776031661
darkolivegreen	MEgreen	43	-0.126697287992169	-0.815641597423825	0.817849171734377	0.418171069563193
darkolivegreen	MElightcyan	43	-0.121942679956333	-0.784719270825986	0.786685046594007	0.435990004140857
darkolivegreen	MEdarkred	43	-0.139230294227596	-0.897337471352525	0.900277548708994	0.37323031792109
darkolivegreen	MEgreenyellow	43	0.215349967861076	1.40084207793783	1.41204346199089	0.165482404722859
darkolivegreen	MEgrey	43	-0.0254587686912959	-0.163050892038758	0.163068513767463	0.871265613292338
darkolivegreen	group	43	0.0430622042364677	0.275903268801854	0.275988652654525	0.783943171767676
darkolivegreen	age	43	0.203114784080355	1.31891065778942	1.32825679773532	0.191440023319641
darkolivegreen	White_vs_nonwhite	43	-0.0402722051532838	-0.258007476474317	0.25807729923595	0.79763833431191
darkolivegreen	apo	43	0.0560363178758726	0.359183774427691	0.359372175491634	0.721161025529002
darkolivegreen	apo_hdp	14	0.275295569989446	0.978902048723299	0.991982389557047	0.34078785699834
darkolivegreen	apo_gdm	14	-0.29569386255007	-1.05583828120048	1.07226219965103	0.304693275661037
darkolivegreen	apo_other	14	0.133376387399834	0.464798698604587	0.4661945948492	0.649425125878679
darkolivegreen	preterm	43	0.0360668500260028	0.231040736968621	0.231090874026796	0.818393573907325
darkolivegreen	bmi	43	-0.268327380684906	-1.76124692500812	1.78353991841784	0.0819019932042519
darkolivegreen	gwg	39	-0.00347957653330578	-0.0211655231785643	0.0211655658890307	0.983227315437458
darkolivegreen	egwg	39	-0.0801129718580455	-0.488354745508518	0.488879544784896	0.627812418436857
darkolivegreen	ppwr	42	-0.0963395565512355	-0.611200471592198	0.612152264786495	0.543901323423231
darkolivegreen	ppwr_e	42	0.0475813918781201	0.301158555730877	0.301272377049221	0.764767447705688
darkolivegreen	low_income	43	-0.0995749585660662	-0.639710730834877	0.640775443786939	0.525234148828789
darkolivegreen	low_access	43	0.196808527824398	1.27684892879499	1.28532797253941	0.2058909559851
darkolivegreen	SPL_SVM	43	-0.288659095964638	-1.90238649230511	1.930497584077	0.0604813648148358
darkolivegreen	RPL_SVM	43	-0.289029890597144	-1.90497685321084	1.93320327218375	0.0601369853810422
darkolivegreen	SPL_EBM	43	-0.272597927626667	-1.79074997622379	1.81418514028366	0.076971638054003
darkolivegreen	RPL_EBM	43	-0.275160839999884	-1.80849141961449	1.83263192217935	0.0741265160608841
darkolivegreen	F_HVM	43	-0.137083280562923	-0.883322359704183	0.886126732862235	0.380717354984271
darkolivegreen	RPL_HVM	43	-0.137083280562923	-0.883322359704183	0.886126732862235	0.380717354984271
darkolivegreen	epds_mth6	42	0.0583859981628466	0.369685935048913	0.369896488194545	0.713410930856375
darkolivegreen	epds_3a_mth6	42	0.0306500685672166	0.19390879047634	0.193939171448217	0.84720506942083
darkolivegreen	sleep_mth6	42	-0.0855106321800864	-0.542140700100974	0.54280487789534	0.590276101246504
darkolivegreen	reap_mth6	42	0.0476211840801735	0.301410795259279	0.301524902836785	0.764576314734742
darkolivegreen	KCAL_mth6	24	0.0750393404835542	0.352628574391172	0.352960852176053	0.727477199856161
darkolivegreen	HEI2015_TOTAL_SCORE_mth6	24	0.0678245287610777	0.318614399156954	0.318859487391822	0.75284069210045
darkolivegreen	ppaq_total_mth6	42	-0.262519978056907	-1.70012264591223	1.72067201511908	0.093038543494402
darkolivegreen	PM2.5_7Days_mth6	21	-0.204384299467194	-0.903616052307369	0.910102099432015	0.374170239445531
darkolivegreen	PM2.5_30Days_mth6	20	-0.0178626786049882	-0.0757929889397073	0.0757970204732432	0.940416681824792
darkolivegreen	PM2.5_90Days_mth6	20	-0.129776564956107	-0.553717985191985	0.555291286868283	0.585531166926932
darkolivegreen	EH_7Days_mth6	36	-0.0588512379230819	-0.343555735728909	0.343754545088034	0.733147720516942
darkolivegreen	EH_30Days_mth6	36	-0.281894394716956	-1.68945305697625	1.71319033722708	0.0957835693795479
darkolivegreen	EH_90Days_mth6	36	-0.187952821539576	-1.10912969422761	1.11583012101744	0.272319332169024
darkolivegreen	weight_mth6	42	-0.214989408627479	-1.38126210159763	1.39226868977875	0.171533501506415
darkolivegreen	postpart_epds_bbmr	11	0.229699656828958	0.701617113371285	0.708030603018379	0.496852091434607
darkolivegreen	infant_apgar1_bbmr	28	0.266970559266027	1.39508683796874	1.41255730308787	0.16964485405235
darkolivegreen	infant_apgar5_bbmr	28	0.232257166426869	1.20629553505661	1.21757924192355	0.234319427106332
darkolivegreen	infant_weight_bbmr	23	0.0166096030515939	0.0761217638919959	0.076125264649079	0.940040026401274
darkolivegreen	breastfeeding	42	-0.0520123953051855	-0.329252393602555	0.329401135881607	0.743571218011306
darkolivegreen	feeding_mth6	42	-0.0431111621987914	-0.272828037648284	0.272912662157811	0.786324431238137
darkolivegreen	ex_feeding_mth6	42	0.0431111621987914	0.272828037648285	0.272912662157811	0.786324431238137
darkturquoise	MEmidnightblue	43	0.199834664613373	1.29701899457242	1.30590680593185	0.198864104706616
darkturquoise	MEblack	43	0.0542183015203493	0.347507301544474	0.347677917897045	0.729860719163353
darkturquoise	MEmagenta	43	0.0171659306081753	0.109926384489491	0.109931784282661	0.912999809088587
darkturquoise	MEpurple	43	0.0584122367139545	0.37444706665055	0.374660523674549	0.70984393462237
darkturquoise	MEtan	43	-0.0490204957554718	-0.314136109914232	0.314262138987075	0.754915541353779
darkturquoise	MElightgreen	43	-0.195871051607759	-1.2706054705535	1.27896057851555	0.208102631756497
darkturquoise	MEturquoise	43	0.114065881158581	0.733570624715441	0.735176366433368	0.466416824268171
darkturquoise	MEpink	43	0.0285613506148014	0.18293162940524	0.182956515057289	0.85573387053075
darkturquoise	MEsalmon	43	-0.0694792054335968	-0.445601936663215	0.445961695329688	0.657971211598293
darkturquoise	MEbrown	43	0.135196963486189	0.871015944451075	0.873704660943367	0.387368010477293
darkturquoise	MEyellow	43	0.0674289985558122	0.432412396895714	0.43274114127128	0.667470735644932
darkturquoise	MEroyalblue	43	-0.0282376930836425	-0.18085753718119	0.180881585906091	0.857351714690868
darkturquoise	MEgrey60	43	-0.0832868606232501	-0.534534378953644	0.53515545266608	0.595433260506281
darkturquoise	MEred	43	0.0181333337916394	0.116122717961594	0.116129083330989	0.908117194218534
darkturquoise	MEcyan	43	-0.138203339055597	-0.890632734231101	0.893507357635262	0.376800485348759
darkturquoise	MElightyellow	43	-0.198567162291715	-1.28856766101719	1.29728263170052	0.201786481010918
darkturquoise	MEblue	43	-0.195307829984249	-1.2668556418531	1.27513689869036	0.209439320527374
darkturquoise	MEgreen	43	-0.0990880195087759	-0.636561729094005	0.637610790899291	0.527272057610317
darkturquoise	MElightcyan	43	-0.202622023267413	-1.31562002090703	1.32489628228442	0.192542600839679
darkturquoise	MEdarkred	43	0.0025761486362836	0.0164954362631657	0.0164954545086946	0.986919139988362
darkturquoise	MEgreenyellow	43	-0.0229143351123193	-0.146749022483884	0.146761869490555	0.884039268449504
darkturquoise	MEgrey	43	-0.168830169038889	-1.09149105648488	1.09678472068495	0.279135799799299
darkturquoise	group	43	-0.0848387757172692	-0.544542207064161	0.545198830806034	0.588570584325207
darkturquoise	age	43	0.328137306589549	2.18179646697028	2.22426119993402	0.0316970486309932
darkturquoise	White_vs_nonwhite	43	0.225973483984383	1.47234833562437	1.48535735801525	0.145098227286126
darkturquoise	apo	43	-0.0283255233582535	-0.181420375527588	0.181444649480738	0.85691262633341
darkturquoise	apo_hdp	14	-0.374021037777861	-1.36170373878007	1.39704403030965	0.187698696095099
darkturquoise	apo_gdm	14	-0.156714070369727	-0.547384320710789	0.54966511829975	0.592631898170508
darkturquoise	apo_other	14	0.786539154819149	3.67988426912537	4.41210245131088	0.000847227546988889
darkturquoise	preterm	43	-0.110177970276672	-0.70835886974257	0.709804611251531	0.481842937839809
darkturquoise	bmi	43	-0.234078513853723	-1.52714564911064	1.54166480505672	0.13083877554628
darkturquoise	gwg	39	-0.216478156466718	-1.33795308714169	1.34876793005193	0.185609279424217
darkturquoise	egwg	39	-0.307639867091229	-1.93393198472845	1.96667851962647	0.0567546582118028
darkturquoise	ppwr	42	0.126294624679445	0.803045267162593	0.805204795553007	0.425462147085709
darkturquoise	ppwr_e	42	0.196807343982683	1.26117368845589	1.26954853553863	0.211582261484005
darkturquoise	low_income	43	-0.0336117719265263	-0.215301454953268	0.215342027319556	0.830568320958525
darkturquoise	low_access	43	0.0798230697076297	0.512206766777215	0.512753203373631	0.610875625399704
darkturquoise	SPL_SVM	43	-0.0977869368862431	-0.62814921747704	0.629157221662968	0.532736256109502
darkturquoise	RPL_SVM	43	-0.088489372546798	-0.568094351240814	0.568839936359865	0.572567811461554
darkturquoise	SPL_EBM	43	-0.0121885649515512	-0.0780487608175897	0.078050693525195	0.938167407035878
darkturquoise	RPL_EBM	43	0.024397411067214	0.15625066094214	0.156266168500085	0.876590138503538
darkturquoise	F_HVM	43	0.0580411301421321	0.372062741449116	0.372272146307977	0.711607623274161
darkturquoise	RPL_HVM	43	0.0580411301421321	0.372062741449116	0.372272146307977	0.711607623274161
darkturquoise	epds_mth6	42	-0.0732299329098011	-0.463977329685607	0.464393619616782	0.644883568899536
darkturquoise	epds_3a_mth6	42	-0.0786929485220099	-0.498729085087106	0.499246117624092	0.620340924661377
darkturquoise	sleep_mth6	42	0.00992068506240452	0.0627459800331311	0.0627470093488769	0.950280470034066
darkturquoise	reap_mth6	42	0.186397163712003	1.19282400176266	1.19990819243905	0.237233881746229
darkturquoise	KCAL_mth6	24	0.0491799987880156	0.23086088719242	0.230954111626405	0.819484784736151
darkturquoise	HEI2015_TOTAL_SCORE_mth6	24	-0.427085617527958	-2.14036177683726	2.21542172271962	0.0373885139150651
darkturquoise	ppaq_total_mth6	42	0.24560781044603	1.58577635091612	1.60244420192044	0.116926092425652
darkturquoise	PM2.5_7Days_mth6	21	-0.372222735668284	-1.70433321370847	1.74809326760672	0.0965888208083455
darkturquoise	PM2.5_30Days_mth6	20	-0.27344141049334	-1.19039834349249	1.2060789376668	0.243401423683419
darkturquoise	PM2.5_90Days_mth6	20	-0.346296620175725	-1.53256730633734	1.56611540859946	0.134732644202142
darkturquoise	EH_7Days_mth6	36	-0.218956516196671	-1.29773558014953	1.30847557312724	0.199488597997253
darkturquoise	EH_30Days_mth6	36	-0.192241211002591	-1.13507262922815	1.14225493025339	0.26132856314046
darkturquoise	EH_90Days_mth6	36	-0.372696940114524	-2.2831176115752	2.34190487101244	0.0251816447776641
darkturquoise	weight_mth6	42	-0.296169902662323	-1.93098786271129	1.961128426051	0.0568518258153999
darkturquoise	postpart_epds_bbmr	11	-0.137088546402638	-0.413871427706645	0.415185489671072	0.68772914949027
darkturquoise	infant_apgar1_bbmr	28	0.12564830359085	0.644087048184352	0.645801224802611	0.524067402079531
darkturquoise	infant_apgar5_bbmr	28	-0.0789067417048134	-0.403185190069705	0.403605456672672	0.689803163620545
darkturquoise	infant_weight_bbmr	23	-0.428662491680596	-2.09999704004126	2.17427234379511	0.0412625795992589
darkturquoise	breastfeeding	42	0.00929532572447714	0.0587904950306415	0.0587913416963802	0.953411041332764
darkturquoise	feeding_mth6	42	0.0991065040501909	0.628868925864467	0.629905699282824	0.532338237255699
darkturquoise	ex_feeding_mth6	42	-0.0991065040501909	-0.628868925864467	0.629905699282824	0.532338237255699
steelblue	MEmidnightblue	43	-0.0598264678910451	-0.38353432697747	0.383763706962665	0.703136563142419
steelblue	MEblack	43	-0.0842104982398622	-0.540490319822648	0.541132391291468	0.591344632687022
steelblue	MEmagenta	43	-0.085339155102894	-0.54776956500307	0.548437935855928	0.586365396730409
steelblue	MEpurple	43	-0.0488014706402242	-0.312730301791842	0.312854646292403	0.755976978031034
steelblue	MEtan	43	-0.277309130095771	-1.82338355113384	1.84812696888463	0.071805998709305
steelblue	MElightgreen	43	-0.0469312530703014	-0.300727562270018	0.300838131043561	0.765058282476657
steelblue	MEturquoise	43	-0.0532887355102603	-0.341537926304068	0.341699899624173	0.734321988614217
steelblue	MEpink	43	0.132823652871233	0.855541430816459	0.858089291535268	0.395831842228853
steelblue	MEsalmon	43	0.16048699640884	1.03657954604671	1.04111313209721	0.303923630164141
steelblue	MEbrown	43	0.144076634932903	0.929004684978991	0.932267374053566	0.356656039554972
steelblue	MEyellow	43	0.101617585485179	0.652923639027744	0.654055720942748	0.516727972680881
steelblue	MEroyalblue	43	-0.019817710397566	-0.126911878044097	0.126920187646342	0.899623992344898
steelblue	MEgrey60	43	0.11357204581512	0.730367033850478	0.731951820844058	0.468361462702822
steelblue	MEred	43	0.0486481508966269	0.31174624015579	0.311869414437388	0.756720258254611
steelblue	MEcyan	43	0.196863322392695	1.27721392684719	1.28570025373611	0.205762196270314
steelblue	MElightyellow	43	0.0408147555429294	0.261487214011597	0.261559900297873	0.794970297307236
steelblue	MEblue	43	0.0397003091046093	0.254339690497367	0.254406577474513	0.800453146859286
steelblue	MEgreen	43	0.228585182626089	1.4899822756666	1.50346519454451	0.140383589493641
steelblue	MElightcyan	43	0.124950222855399	0.804274967082002	0.806391481030843	0.424670058494512
steelblue	MEdarkred	43	-0.0283441454289481	-0.181539710769639	0.181564032656572	0.856819534814499
steelblue	MEgreenyellow	43	0.0704581558423398	0.451901116633598	0.452276351592935	0.653453872210829
steelblue	MEgrey	43	0.0434848815667571	0.278614801916311	0.278702728168489	0.781873890513691
steelblue	group	43	0.174702858923814	1.13023792158058	1.13611621225519	0.262505321412926
steelblue	age	43	0.217367155084909	1.41439270249324	1.42592283704447	0.161460576933032
steelblue	White_vs_nonwhite	43	0.0729011966578976	0.467625007448332	0.468040797306398	0.642234022198262
steelblue	apo	43	-0.141577148839885	-0.912666872226271	0.91576032080853	0.36514763095088
steelblue	apo_hdp	14	-0.330805749958996	-1.19072515371042	1.21431186376183	0.247985051551264
steelblue	apo_gdm	14	0.0487526746189328	0.169018212677267	0.169085281350011	0.868546299826876
steelblue	apo_other	14	0.456249873185041	1.70629523735692	1.77613406525091	0.101049827146733
steelblue	preterm	43	-0.0285109035980354	-0.182608347637657	0.182633101583351	0.855985998256651
steelblue	bmi	43	0.147021357152445	0.948268210678285	0.951738252453585	0.346807009672923
steelblue	gwg	39	-0.248884634195228	-1.54638082459825	1.56309171910602	0.126544746129624
steelblue	egwg	39	-0.109265347441547	-0.667299279306376	0.66863855603329	0.507876475414464
steelblue	ppwr	42	0.22451759105401	1.44458201470142	1.45717556453045	0.152874241485015
steelblue	ppwr_e	42	0.164630844783809	1.05077969380363	1.05562056084328	0.297475969582166
steelblue	low_income	43	0.216114624466821	1.40597726317887	1.41730248398154	0.163949393028315
steelblue	low_access	43	-0.0296186835681391	-0.189707598321239	0.189735353123112	0.850452755977644
steelblue	SPL_SVM	43	0.0668110359725208	0.428437598721829	0.428757359240541	0.670344210273164
steelblue	RPL_SVM	43	0.0551595833836598	0.353552527256651	0.353732204441193	0.725352175305118
steelblue	SPL_EBM	43	0.320639448386022	2.12814025340443	2.16753732923416	0.0360538035080664
steelblue	RPL_EBM	43	0.346963639383376	2.31785212629219	2.36880480430904	0.0226389482462123
steelblue	F_HVM	43	0.242475982530289	1.5841527370963	1.60036281392436	0.117196517790687
steelblue	RPL_HVM	43	0.242475982530289	1.5841527370963	1.60036281392436	0.117196517790687
steelblue	epds_mth6	42	0.022455239812476	0.142043284167335	0.142055225748269	0.887749486572781
steelblue	epds_3a_mth6	42	-0.0159163873486049	-0.100672574034778	0.100676825393771	0.920309950400211
steelblue	sleep_mth6	42	-0.156846780354268	-1.00024294931125	1.00441787135194	0.321214933154937
steelblue	reap_mth6	42	0.00123218201215107	0.00779300724454438	0.00779300921653138	0.993820879171382
steelblue	KCAL_mth6	24	0.18959001508533	0.90014643087616	0.905682038286326	0.374916759763795
steelblue	HEI2015_TOTAL_SCORE_mth6	24	-0.236379759871821	-1.13009057956805	1.14105602530073	0.26611581057528
steelblue	ppaq_total_mth6	42	0.126275575475882	0.802922836912209	0.805081377213997	0.425532531476627
steelblue	PM2.5_7Days_mth6	21	0.249319588546553	1.11015564148167	1.12219643719295	0.275760864370448
steelblue	PM2.5_30Days_mth6	20	0.172505914470282	0.739272895002563	0.743019603310206	0.467057353045434
steelblue	PM2.5_90Days_mth6	20	0.200694678860495	0.863191903181133	0.869159467977983	0.396201895946724
steelblue	EH_7Days_mth6	36	-0.0382086740720838	-0.222901454225028	0.222955746778828	0.824904021779131
steelblue	EH_30Days_mth6	36	0.0734815365594195	0.429240987815701	0.429628772865683	0.670176285877718
steelblue	EH_90Days_mth6	36	0.105272873790034	0.616123867802354	0.617271007667842	0.541168191038297
steelblue	weight_mth6	42	0.077488479651448	0.491064614972058	0.491558170010632	0.625718384777425
steelblue	postpart_epds_bbmr	11	0.106088499999687	0.319467629968183	0.320071763665422	0.756219685485249
steelblue	infant_apgar1_bbmr	28	-0.268225038301853	-1.40197683516262	1.41970808501175	0.167572379613778
steelblue	infant_apgar5_bbmr	28	-0.3417079919789	-1.81537864697566	1.85397347216185	0.0751213741253105
steelblue	infant_weight_bbmr	23	-0.0432909463157615	-0.198508108848597	0.198570196460709	0.844508790656434
steelblue	breastfeeding	42	0.239547452370548	1.54505066680626	1.56046457500905	0.126528040407535
steelblue	feeding_mth6	42	-0.0856346408481152	-0.542930785321341	0.543597871870014	0.589735269772674
steelblue	ex_feeding_mth6	42	0.0856346408481152	0.542930785321341	0.543597871870014	0.589735269772674
darkred	MEmidnightblue	43	0.0885849951799402	0.568711472350493	0.569459490538125	0.572151327584219
darkred	MEblack	43	0.286851946435391	1.88977043419292	1.91732434632876	0.0621823599334329
darkred	MEmagenta	43	0.242406081604428	1.58367720194272	1.59987265545314	0.11730545231001
darkred	MEpurple	43	0.110272157060914	0.70896937681927	0.710418861166212	0.48146610183159
darkred	MEtan	43	0.341225147195043	2.27617280018508	2.32441467159495	0.0251356877139204
darkred	MElightgreen	43	0.137826292096102	0.888171575299527	0.891022418225339	0.378116346360727
darkred	MEturquoise	43	0.02545386121876	0.163019448506256	0.163037060041925	0.871290219929529
darkred	MEpink	43	-0.192008037692273	-1.24490335347648	1.25276100156572	0.217390998158895
darkred	MEsalmon	43	-0.245193430675572	-1.60265283978455	1.61943869641801	0.11302060604562
darkred	MEbrown	43	-0.223545689042548	-1.45597576203552	1.4685548744503	0.149584666361792
darkred	MEyellow	43	-0.234362259781339	-1.52906796631702	1.54364212432038	0.130359267516505
darkred	MEroyalblue	43	0.0565973643094337	0.362787654558385	0.362981784310091	0.718483209782471
darkred	MEgrey60	43	0.174472053717511	1.12871358416922	1.13456809839748	0.263146206215383
darkred	MEred	43	0.160540916425081	1.03693393330169	1.04147217485475	0.303759049364876
darkred	MEcyan	43	0.128995246040367	0.830600208856366	0.83293155297136	0.409709278743034
darkred	MElightyellow	43	0.0674390703487791	0.432477182439855	0.432806074620945	0.667423941366868
darkred	MEblue	43	-0.0414516635952374	-0.265572327307763	0.265648473940835	0.791841194452375
darkred	MEgreen	43	-0.146476974403899	-0.944705741301232	0.948136792674576	0.348615095078985
darkred	MElightcyan	43	-0.150720571204752	-0.972491620840967	0.976234651402538	0.334673348783793
darkred	MEdarkred	43	0.098733723236953	0.634270712179419	0.635308484142315	0.528757274669732
darkred	MEgreenyellow	43	-0.07048881826724	-0.452098431918476	0.452474158694944	0.653312577565045
darkred	MEgrey	43	-0.102889056900721	-0.661151053339913	0.662326487975663	0.51146808020151
darkred	group	43	-0.178889890592166	-1.15791309285885	1.16423434136328	0.251059144324272
darkred	age	43	-0.0028678304649351	-0.0183631251011954	0.0183631502724496	0.985438223112786
darkred	White_vs_nonwhite	43	0.128072436522688	0.824592084499966	0.826873174873586	0.413095502618469
darkred	apo	43	-0.0374449469617237	-0.239876801754089	0.239932914318575	0.811577824193274
darkred	apo_hdp	14	0.328615117752494	1.18221101256355	1.20529342712325	0.251320547307642
darkred	apo_gdm	14	0.28069951466179	0.999189820537396	1.01310272991848	0.331003196840957
darkred	apo_other	14	-0.243812314379346	-0.861949511444817	0.870871410666476	0.400911143085421
darkred	preterm	43	-0.100944966767066	-0.648572140416294	0.6496817304423	0.519521370237314
darkred	bmi	43	0.209179683497718	1.35946869045488	1.36970518604581	0.178234344415096
darkred	gwg	39	-0.273488726037627	-1.70701003018695	1.72950395279641	0.0920548063423747
darkred	egwg	39	-0.360202208226721	-2.29392068188361	2.34868149904699	0.024291830507561
darkred	ppwr	42	-0.0925173292357572	-0.586809061082468	0.587651359770197	0.560069401862235
darkred	ppwr_e	42	-0.166629378016343	-1.06377606643478	1.06879895684556	0.2915680354356
darkred	low_income	43	0.0759667136653987	0.487363267627895	0.487833972909238	0.628266101732048
darkred	low_access	43	-0.0992211687173129	-0.637422765413256	0.63847609138468	0.526714423767332
darkred	SPL_SVM	43	0.146979275677217	0.947992806530412	0.951459823578309	0.346946571620949
darkred	RPL_SVM	43	0.152945618045317	0.987075075366108	0.990989171250241	0.327503584339737
darkred	SPL_EBM	43	0.0647896850731338	0.415438350601144	0.415729875770488	0.679775623670634
darkred	RPL_EBM	43	0.060176716043337	0.385785112692428	0.386018555291669	0.701478825546822
darkred	F_HVM	43	0.115640261149706	0.743786335386657	0.745460131186738	0.460246097619715
darkred	RPL_HVM	43	0.115640261149706	0.743786335386657	0.745460131186738	0.460246097619715
darkred	epds_mth6	42	0.200341320653677	1.2844420605982	1.2932897096818	0.203330243957677
darkred	epds_3a_mth6	42	0.197779177067717	1.2675690377587	1.27607210917715	0.209290130216212
darkred	sleep_mth6	42	-0.0801446691925386	-0.507968852864895	0.508515164040976	0.613885461152026
darkred	reap_mth6	42	-0.195727649690917	-1.25407151921151	1.26230549146102	0.214149191510836
darkred	KCAL_mth6	24	-0.21143589048304	-1.00691010790383	1.01466184145833	0.321296868984332
darkred	HEI2015_TOTAL_SCORE_mth6	24	0.0111764254823079	0.0524242651085271	0.0524253566137921	0.958662895436289
darkred	ppaq_total_mth6	42	-0.0617575549394207	-0.391086780447523	0.391336062606527	0.697625772582816
darkred	PM2.5_7Days_mth6	21	-0.0253252709557513	-0.110413906217581	0.110425714327998	0.91322983820911
darkred	PM2.5_30Days_mth6	20	-0.18450585110644	-0.791860704945526	0.796466228823206	0.436140664566606
darkred	PM2.5_90Days_mth6	20	-0.218143656542643	-0.940619673176275	0.948344445943312	0.3555135950151
darkred	EH_7Days_mth6	36	0.189766978477081	1.12009922128282	1.12700067485607	0.267633502278335
darkred	EH_30Days_mth6	36	-0.132760926689725	-0.778719378089026	0.781036239528584	0.440185789625935
darkred	EH_90Days_mth6	36	-0.155021030122853	-0.911267259437922	0.914981221587336	0.366645392975028
darkred	weight_mth6	42	0.161262831786072	1.02889747688941	1.03344191029178	0.30760516101337
darkred	postpart_epds_bbmr	11	-0.153366592952363	-0.463758943844329	0.465608221130896	0.652557576402719
darkred	infant_apgar1_bbmr	28	0.156071903599009	0.80237138645504	0.805686812723263	0.427731013248583
darkred	infant_apgar5_bbmr	28	0.170209509606778	0.876431793449163	0.880753659279644	0.38652044763616
darkred	infant_weight_bbmr	23	0.224319270783247	1.04574209430789	1.0548419383806	0.303483186590498
darkred	breastfeeding	42	-0.243991371131778	-1.57490138578803	1.59122796642855	0.119431562933341
darkred	feeding_mth6	42	0.0782686738340367	0.496029106500532	0.496537785502888	0.6222329298636
darkred	ex_feeding_mth6	42	-0.0782686738340367	-0.496029106500533	0.496537785502888	0.6222329298636
red	MEmidnightblue	43	-0.0335168260894096	-0.214692819296018	0.214733048539184	0.831039964719766
red	MEblack	43	0.140923533661777	0.90839649169726	0.911446691350716	0.367388066096479
red	MEmagenta	43	0.220199005717461	1.43343698344426	1.44543995816124	0.155935075629261
red	MEpurple	43	0.161376518211237	1.04242670072328	1.04703750807318	0.30121581992005
red	MEtan	43	0.26609986523356	1.74588712056339	1.76760050903014	0.0845697275982865
red	MElightgreen	43	0.325514395469694	2.1629931459616	2.20436527474846	0.033168828020064
red	MEturquoise	43	0.166762992431942	1.07787118553945	1.08296896194838	0.285150271359934
red	MEpink	43	0.053259439372333	0.341349805582468	0.341511511377598	0.734462731008717
red	MEsalmon	43	0.0571757668248598	0.366503261836222	0.36670341827581	0.715726036247119
red	MEbrown	43	-0.100865595625124	-0.648058689237176	0.649165645182912	0.519851494219723
red	MEyellow	43	-0.0746594236746247	-0.478944776000909	0.479391503517664	0.634207424506158
red	MEroyalblue	43	-0.134217756012185	-0.864630078402813	0.86726005476095	0.390847157704961
red	MEgrey60	43	-0.0447307335445147	-0.286607698122329	0.286703411347791	0.775783325720002
red	MEred	43	-0.0782204949701584	-0.501880799463044	0.502394843162142	0.618077617399028
red	MEcyan	43	-0.0124586094456914	-0.0797781519177333	0.0797802159675658	0.936800203608023
red	MElightyellow	43	-0.000156517865531233	-0.00100220334655813	0.0010022033506502	0.999205218109981
red	MEblue	43	-0.14857327234009	-0.958427232800879	0.962010084418361	0.341684181383069
red	MEgreen	43	-0.143527610735914	-0.925414983112226	0.928639970577793	0.358510911487985
red	MElightcyan	43	-0.124619903270772	-0.802126434247784	0.80422602252342	0.4259051851734
red	MEdarkred	43	-0.124653047905498	-0.802342012305423	0.804443294767091	0.425781160164736
red	MEgreenyellow	43	-0.0691870231639535	-0.443722020367667	0.444077244216504	0.659321821199173
red	MEgrey	43	-0.0169180169988126	-0.108338501673435	0.108343670828783	0.914251579022117
red	group	43	0.128173318929406	0.825248827835857	0.82753537587089	0.412724542282882
red	age	43	-0.0654979459886783	-0.419992761057246	0.420293981006156	0.676465366958733
red	White_vs_nonwhite	43	-0.293421860816403	-1.93570541866232	1.96532418490938	0.0561757916448803
red	apo	43	0.0210056644966017	0.134521667144599	0.134531562951219	0.893640514765737
red	apo_hdp	14	0.184929149154261	0.648069705671532	0.651856682422085	0.526781961369002
red	apo_gdm	14	0.102061955926098	0.354788328206186	0.35540891603063	0.728452184741807
red	apo_other	14	-0.464124902098967	-1.74090487620683	1.81511707430665	0.0945631857358775
red	preterm	43	0.0503875733688055	0.322911358267366	0.323048247750007	0.748300565748624
red	bmi	43	0.209239261654215	1.35986763817757	1.37011316192865	0.17810794366249
red	gwg	39	0.107440445024145	0.65606695659367	0.657339709581199	0.515031132480015
red	egwg	39	0.28954701784428	1.81309972423706	1.84006725481222	0.0737909051154641
red	ppwr	42	0.131378705034434	0.835742629604427	0.838176994019114	0.406912120576607
red	ppwr_e	42	-0.0283896921383413	-0.179600439963199	0.179624579473621	0.858354163896021
red	low_income	43	-0.0641754308287659	-0.411488781927176	0.411772070182852	0.682651337131923
red	low_access	43	-0.235575055805845	-1.53728745115811	1.55209835957555	0.128324527861024
red	SPL_SVM	43	0.17334318241966	1.12125985043396	1.12699902643013	0.26629575386656
red	RPL_SVM	43	0.164679965909301	1.06415665181899	1.06906212980382	0.291295575036241
red	SPL_EBM	43	0.094563471298217	0.607316250057709	0.608227221872393	0.546391665034315
red	RPL_EBM	43	0.0822040789461215	0.527553395163152	0.52815044634281	0.600242108903033
red	F_HVM	43	0.212350859533027	1.38071808636493	1.39144289497744	0.17159539138542
red	RPL_HVM	43	0.212350859533027	1.38071808636493	1.39144289497744	0.17159539138542
red	epds_mth6	42	0.103875605120046	0.65934534997773	0.660540338138954	0.512693471297831
red	epds_3a_mth6	42	0.0751472017519784	0.476170315866951	0.47662030165876	0.636226014685377
red	sleep_mth6	42	-0.000932210246202909	-0.00589581698014812	0.00589581783407545	0.995325152146398
red	reap_mth6	42	0.241830852212131	1.56038022443341	1.57625844180592	0.12284325853221
red	KCAL_mth6	24	0.0684569623894144	0.321594613531307	0.321846644813172	0.750607012895976
red	HEI2015_TOTAL_SCORE_mth6	24	0.349807313365103	1.71305327429091	1.75139173874336	0.0938100310799805
red	ppaq_total_mth6	42	0.167227948235669	1.06767026969897	1.07274857740279	0.289813449652849
red	PM2.5_7Days_mth6	21	0.0412607496170579	0.179953604957405	0.180004727660901	0.859054792998411
red	PM2.5_30Days_mth6	20	0.118160216491708	0.503664159260548	0.504848033067609	0.619790362244457
red	PM2.5_90Days_mth6	20	0.0288667054507887	0.122505093900909	0.122522117712014	0.903843127314177
red	EH_7Days_mth6	36	0.132729424185033	0.778532393593128	0.780847585482042	0.44029525955909
red	EH_30Days_mth6	36	0.026250307682456	0.153099453640618	0.153117045256161	0.879211112124434
red	EH_90Days_mth6	36	0.207915389498445	1.23028162691672	1.23943013086856	0.22367365747531
red	weight_mth6	42	0.340445035961142	2.24266089110096	2.28995527230568	0.0273756978069886
red	postpart_epds_bbmr	11	0.0566849077650922	0.170237213991942	0.170328591576267	0.868519204335012
red	infant_apgar1_bbmr	28	0.0947751137536047	0.484714935709231	0.48544528536737	0.631426194938763
red	infant_apgar5_bbmr	28	0.111344332397588	0.570110757745878	0.571299327191435	0.572702620473108
red	infant_weight_bbmr	23	0.188737100736515	0.875397049025969	0.880730853072602	0.388432289686909
red	breastfeeding	42	0.129810680490799	0.825653499575838	0.828000711506757	0.41258317179141
red	feeding_mth6	42	-0.0303640660492227	-0.192098266696781	0.19212780456372	0.84861417203792
red	ex_feeding_mth6	42	0.0303640660492227	0.192098266696781	0.19212780456372	0.84861417203792
skyblue	MEmidnightblue	43	0.101213276147352	0.650307892886717	0.651426418530043	0.518406177720014
skyblue	MEblack	43	0.132303167548174	0.852149084652112	0.854666739686927	0.397702299051999
skyblue	MEmagenta	43	0.0646846421245568	0.414762916875068	0.415053022242122	0.680267079824557
skyblue	MEpurple	43	0.0746483442124409	0.478873435231516	0.479319963115162	0.634257875853215
skyblue	MEtan	43	0.0643639376549897	0.412700820998008	0.412986620256801	0.681768343020011
skyblue	MElightgreen	43	-0.0181191332546788	-0.116031760274107	0.116038110697273	0.90818884252531
skyblue	MEturquoise	43	0.059936557056534	0.384241778358018	0.384472430152943	0.702615360111111
skyblue	MEpink	43	0.202235981073656	1.31304252541827	1.32226429662005	0.193409523741967
skyblue	MEsalmon	43	0.0276038847565466	0.176796017342823	0.176818481952642	0.860521553835793
skyblue	MEbrown	43	0.0131653266425443	0.0843040930359165	0.0843065286845577	0.933223036775573
skyblue	MEyellow	43	-0.0336671416293556	-0.215656395695141	0.215697169059869	0.830293298892755
skyblue	MEroyalblue	43	-0.179986481198193	-1.16516830328996	1.17160925259726	0.24811766812295
skyblue	MEgrey60	43	-0.249529451783798	-1.63222652533621	1.64996094949936	0.10659252060072
skyblue	MEred	43	-0.185689893383073	-1.20295114978094	1.21003999109666	0.233193957491231
skyblue	MEcyan	43	-0.187404630070778	-1.21432669254913	1.22161879005009	0.228829593874803
skyblue	MElightyellow	43	-0.0575912052951163	-0.369172154314398	0.369376715806202	0.713747890515959
skyblue	MEblue	43	-0.0140310431014664	-0.0898484086262125	0.0898513571208116	0.928842844663265
skyblue	MEgreen	43	0.03419133636954	0.219016748233643	0.219059457516405	0.827690612670381
skyblue	MElightcyan	43	-0.0429401705060218	-0.275120424103885	0.275205083170863	0.784540880949397
skyblue	MEdarkred	43	0.223163383152205	1.45339927608957	1.4659116124759	0.150300332661671
skyblue	MEgreenyellow	43	0.111352466261704	0.715972728294669	0.717465611475933	0.477154911607359
skyblue	MEgrey	43	0.0317829580295398	0.20357879618076	0.20361309541852	0.839663105887978
skyblue	group	43	0.0034116773029202	0.0218454783860127	0.0218455207649262	0.982677155583819
skyblue	age	43	0.106434509899006	0.684104488444105	0.685406695589909	0.496944577682675
skyblue	White_vs_nonwhite	43	-0.0551393043631757	-0.353422282033286	0.353601760696971	0.725449211663124
skyblue	apo	43	-0.00933504247387971	-0.0597751730919764	0.0597760413110301	0.952624428118422
skyblue	apo_hdp	14	-0.195189216844079	-0.684943985619242	0.689415777527786	0.503675210277643
skyblue	apo_gdm	14	0.253156873303765	0.896450585010055	0.906489820876334	0.382518273995362
skyblue	apo_other	14	-0.167475771365913	-0.585670311247071	0.588464448961247	0.567131941388718
skyblue	preterm	43	0.0300658413488675	0.192573357325039	0.192602389069981	0.848221242666488
skyblue	bmi	43	0.143492080711201	0.925182695978681	0.928405253865572	0.35863115015333
skyblue	gwg	39	-0.0114743721975141	-0.0697989446406323	0.0698004764208384	0.94472836239357
skyblue	egwg	39	0.0115846244813986	0.0704696722619794	0.0704712486266574	0.944198108220818
skyblue	ppwr	42	-0.0531594267121646	-0.336526974234638	0.336685795949248	0.738113879040119
skyblue	ppwr_e	42	-0.0988384795380414	-0.627157020942184	0.62818534772081	0.533453052882233
skyblue	low_income	43	0.0936706987481395	0.601548626348001	0.602433882106501	0.550202972649884
skyblue	low_access	43	-0.0798501632151278	-0.512381362726322	0.512928358424184	0.6107541753234
skyblue	SPL_SVM	43	0.129435017950008	0.833463937468135	0.83581949240706	0.408101156633168
skyblue	RPL_SVM	43	0.128085220684945	0.824675308297864	0.826957089795544	0.413048482741731
skyblue	SPL_EBM	43	-0.0395608491317424	-0.25344530625899	0.253511490054739	0.801139934326536
skyblue	RPL_EBM	43	-0.0112907927047347	-0.0722994208235523	0.0723009571097057	0.942713962378596
skyblue	F_HVM	43	0.311006124331005	2.05962181232961	2.09532226845961	0.0423608038883129
skyblue	RPL_HVM	43	0.311006124331005	2.05962181232961	2.09532226845961	0.0423608038883129
skyblue	epds_mth6	42	0.0844933444408803	0.535659981560453	0.536300618724665	0.594721004203373
skyblue	epds_3a_mth6	42	0.0400734768432056	0.253582720791003	0.253650669723574	0.801064715462739
skyblue	sleep_mth6	42	0.116405263575571	0.739564095875533	0.741250699910286	0.462871287697409
skyblue	reap_mth6	42	0.188529149988143	1.20679898802165	1.21413540740107	0.231815840209713
skyblue	KCAL_mth6	24	0.109419700735275	0.51528694961765	0.516324085292241	0.610779233207878
skyblue	HEI2015_TOTAL_SCORE_mth6	24	-0.0835723499649682	-0.392905505536766	0.393365171962173	0.697835997635285
skyblue	ppaq_total_mth6	42	0.0157661587002853	0.0997222061450376	0.0997263382352093	0.921059737181227
skyblue	PM2.5_7Days_mth6	21	-0.0383055434809586	-0.167051730823618	0.167092626743498	0.869062695775982
skyblue	PM2.5_30Days_mth6	20	-0.0808188634518717	-0.343634878014332	0.3440107244269	0.734824278838493
skyblue	PM2.5_90Days_mth6	20	-0.113837444202941	-0.485074015205352	0.486131524341046	0.632739417740051
skyblue	EH_7Days_mth6	36	0.135918974014137	0.797472254173452	0.799960668758192	0.429287652166568
skyblue	EH_30Days_mth6	36	0.228486501416524	1.35623286764294	1.36849447197839	0.180132698985845
skyblue	EH_90Days_mth6	36	0.152414196621906	0.895699066567621	0.899225767006455	0.374857148819239
skyblue	weight_mth6	42	0.106656941678132	0.67713318568438	0.678427560221969	0.501406949329945
skyblue	postpart_epds_bbmr	11	0.340236060693804	1.06307840820362	1.08546708647041	0.305932411427292
skyblue	infant_apgar1_bbmr	28	0.0822990532606014	0.420595783637856	0.421072892945265	0.677162368830922
skyblue	infant_apgar5_bbmr	28	-0.0561390305175705	-0.286555300510133	0.286706158848524	0.776609695431266
skyblue	infant_weight_bbmr	23	0.234797681990577	1.09643198370861	1.10692299936982	0.280846178946777
skyblue	breastfeeding	42	0.0222723733283935	0.140886156243509	0.140897808351347	0.888657855160791
skyblue	feeding_mth6	42	0.08982838834832	0.569660144809384	0.570430715403782	0.571576234003738
skyblue	ex_feeding_mth6	42	-0.08982838834832	-0.569660144809384	0.570430715403782	0.571576234003738
yellowgreen	MEmidnightblue	43	-0.0341697044530614	-0.218878074371151	0.218920702575971	0.827797981749626
yellowgreen	MEblack	43	0.0261192366398553	0.167282765025488	0.167301794785387	0.867955054090129
yellowgreen	MEmagenta	43	0.0795410625791907	0.510389501849606	0.510930141703391	0.612140369685286
yellowgreen	MEpurple	43	-0.0166756145096048	-0.106785930380337	0.106790880469707	0.915475720181089
yellowgreen	MEtan	43	0.129761874131254	0.835592590565293	0.837966250067065	0.406908284764281
yellowgreen	MElightgreen	43	-0.0461634390462402	-0.295800478145001	0.295905700459178	0.768795694846382
yellowgreen	MEturquoise	43	-0.0506487255232821	-0.324587826453646	0.324726859287862	0.747038920892394
yellowgreen	MEpink	43	-0.221201106091312	-1.44018210202379	1.45235560504955	0.15401326145659
yellowgreen	MEsalmon	43	-0.120855471305652	-0.777653606128136	0.779566732893129	0.440122930851497
yellowgreen	MEbrown	43	-0.280667428749931	-1.84670217657874	1.872409773984	0.0682936704925427
yellowgreen	MEyellow	43	-0.196302428906245	-1.27347808509769	1.28189006450688	0.207082883692543
yellowgreen	MEroyalblue	43	0.0809824670767234	0.519678837014709	0.520249543779133	0.605687733723383
yellowgreen	MEgrey60	43	0.139683410089651	0.900296373935349	0.903265650608789	0.371661513594627
yellowgreen	MEred	43	0.0803709301308826	0.515737436337017	0.516295253324778	0.608421778943965
yellowgreen	MEcyan	43	0.208733449504481	1.35648094523722	1.36664999726365	0.179183116544494
yellowgreen	MElightyellow	43	0.113708070233095	0.731249410162628	0.732839950472886	0.467825391108176
yellowgreen	MEblue	43	0.0691739384960335	0.443637834705932	0.443992856375046	0.659382330012581
yellowgreen	MEgreen	43	0.13884937449506	0.894850313015306	0.897765995104216	0.374552209957136
yellowgreen	MElightcyan	43	0.0526029601749445	0.337134477434134	0.337290265646953	0.737618785796477
yellowgreen	MEdarkred	43	0.304151133432764	2.01114174694849	2.04437209296131	0.0473743194825737
yellowgreen	MEgreenyellow	43	-0.116892543212684	-0.75191473280735	0.753644031883839	0.45536940361115
yellowgreen	MEgrey	43	-0.0438044322201259	-0.280664829475012	0.280754711033643	0.78031046700279
yellowgreen	group	43	0.0110320336510015	0.0706423480122899	0.070643781067471	0.944024726498978
yellowgreen	age	43	-0.00574527627273477	-0.0367881225261542	0.0367883249158894	0.970832321770649
yellowgreen	White_vs_nonwhite	43	0.0367376265296936	0.235341501461156	0.235394490956845	0.81507438410561
yellowgreen	apo	43	0.0586336605210655	0.375869743378551	0.37608564296958	0.708792327017236
yellowgreen	apo_hdp	14	-0.394129545452175	-1.44342069341909	1.4855530407251	0.163188725125447
yellowgreen	apo_gdm	14	0.48109129834987	1.81658615074639	1.90099831898812	0.0815832274519693
yellowgreen	apo_other	14	0.402582022365909	1.47822416606611	1.52349741807655	0.153544391436867
yellowgreen	preterm	43	-0.0740297704058443	-0.474890619954124	0.475326096840111	0.637077199000317
yellowgreen	bmi	43	-0.0222511186473976	-0.142500198093057	0.142511961200176	0.887373679393616
yellowgreen	gwg	39	0.137021725154261	0.838746298709912	0.841406728099087	0.405525518742951
yellowgreen	egwg	39	0.2606784282471	1.62310099395761	1.64243089573027	0.108974122011905
yellowgreen	ppwr	42	0.10312442573271	0.654543030489153	0.655712088179482	0.515763407794444
yellowgreen	ppwr_e	42	-0.0375796759902263	-0.237786718581364	0.237842743629013	0.813217198622023
yellowgreen	low_income	43	0.0491363996019467	0.314880048564231	0.315006975219615	0.754354029744485
yellowgreen	low_access	43	0.0527788513649701	0.33826386613657	0.338421225401699	0.736772760308995
yellowgreen	SPL_SVM	43	0.109333146794477	0.702883400637455	0.704295861458786	0.485229924654332
yellowgreen	RPL_SVM	43	0.104280082985945	0.670154573332747	0.671378703797595	0.505744603047531
yellowgreen	SPL_EBM	43	0.374798122255156	2.52279117708661	2.58856892178533	0.013275217222827
yellowgreen	RPL_EBM	43	0.375770068686562	2.53003485848767	2.59638379418948	0.0130194808213782
yellowgreen	F_HVM	43	0.139357392159112	0.898167398080919	0.901115645971123	0.372789874157763
yellowgreen	RPL_HVM	43	0.139357392159112	0.898167398080919	0.901115645971123	0.372789874157763
yellowgreen	epds_mth6	42	-0.0538677280666936	-0.341019530872571	0.34118479920628	0.734750237213733
yellowgreen	epds_3a_mth6	42	0.00716975673928415	0.0453463001566873	0.0453466886785394	0.964056609266202
yellowgreen	sleep_mth6	42	-0.0618997987356138	-0.39198986149199	0.392240874759065	0.69696251106928
yellowgreen	reap_mth6	42	-0.0358459409980631	-0.226806813899155	0.2268554305433	0.821691570007195
yellowgreen	KCAL_mth6	24	-0.343209753117258	-1.67788521186095	1.71390085512513	0.100603907988676
yellowgreen	HEI2015_TOTAL_SCORE_mth6	24	0.202180865269595	0.96156020839126	0.968309653668005	0.343415260844025
yellowgreen	ppaq_total_mth6	42	0.169082239627663	1.07973910198678	1.08499174783036	0.284421465577871
yellowgreen	PM2.5_7Days_mth6	21	0.0180570221106595	0.0787172907618823	0.0787215694698484	0.938077266856984
yellowgreen	PM2.5_30Days_mth6	20	0.0533305755792537	0.226477344777905	0.226584920040714	0.823299762377449
yellowgreen	PM2.5_90Days_mth6	20	0.0921846429272261	0.392219875086295	0.392778796331499	0.699095493279974
yellowgreen	EH_7Days_mth6	36	0.259155636170996	1.54638616093297	1.56457692000401	0.126943247765707
yellowgreen	EH_30Days_mth6	36	0.115296272295631	0.675289960745134	0.676800499774698	0.503111474131744
yellowgreen	EH_90Days_mth6	36	0.18269049965317	1.07735395495745	1.08349420886635	0.286213207688864
yellowgreen	weight_mth6	42	0.02310046468783	0.146126163049819	0.146139164275366	0.884545545426723
yellowgreen	postpart_epds_bbmr	11	-0.331306469831655	-1.03288529015378	1.05341279661514	0.319610443083845
yellowgreen	infant_apgar1_bbmr	28	0.0913500017685689	0.467097627881633	0.467751180569651	0.64385961700915
yellowgreen	infant_apgar5_bbmr	28	-0.272169274681564	-1.42367253780451	1.44224195826945	0.161172963111824
yellowgreen	infant_weight_bbmr	23	-0.291714408109142	-1.37678496975609	1.39759092418274	0.17682713633385
yellowgreen	breastfeeding	42	-0.0751489503057714	-0.476181437498595	0.476631454827263	0.636218140525303
yellowgreen	feeding_mth6	42	-0.106680213105018	-0.677282061042537	0.678577289842764	0.501313052137462
yellowgreen	ex_feeding_mth6	42	0.106680213105018	0.677282061042537	0.678577289842764	0.501313052137462
lightcyan	MEmidnightblue	43	-0.0399832863363081	-0.256154509667898	0.256222838761985	0.799060048255805
lightcyan	MEblack	43	-0.0184088879373619	-0.117887714616974	0.117894374673251	0.90672703869471
lightcyan	MEmagenta	43	-0.0488935553783896	-0.31332134208024	0.313446392979975	0.755530664012475
lightcyan	MEpurple	43	-0.0418629229957645	-0.268210250047281	0.268288688515788	0.789822405070232
lightcyan	MEtan	43	0.0274775351745134	0.175986371161534	0.176008528541475	0.861153721116381
lightcyan	MElightgreen	43	0.0179378261525283	0.114870450914893	0.114876612562532	0.909103684113596
lightcyan	MEturquoise	43	0.0237871660555048	0.152340916829785	0.15235528914982	0.879654013805146
lightcyan	MEpink	43	-0.112391904817077	-0.722712736948766	0.724248197441195	0.473026109087152
lightcyan	MEsalmon	43	0.00995086689692239	0.0637187402046394	0.0637197918482449	0.949503000698665
lightcyan	MEbrown	43	0.0323252218977566	0.207054550398652	0.207090636663888	0.836964193565941
lightcyan	MEyellow	43	0.0779793957921154	0.500327537183904	0.500836821956856	0.619164207328104
lightcyan	MEroyalblue	43	-0.0627675744897061	-0.402437637634172	0.402702637980647	0.689259107003413
lightcyan	MEgrey60	43	0.0211878970004351	0.135689044079285	0.135699199758929	0.892723154602122
lightcyan	MEred	43	-0.0253414349955176	-0.16229910477963	0.162316483877013	0.871853970875094
lightcyan	MEcyan	43	-0.0334729936978882	-0.214411839814031	0.214451911307722	0.831257722052632
lightcyan	MElightyellow	43	0.00789243197179501	0.0505372717986684	0.0505377964872648	0.959939243437523
lightcyan	MEblue	43	-0.0623011302696797	-0.39943921180849	0.399698332135861	0.691453434151492
lightcyan	MEgreen	43	-0.198586521803506	-1.28869671118078	1.29741430407714	0.201741619899219
lightcyan	MElightcyan	43	-0.0621392467387113	-0.398398622959826	0.398655723175922	0.692215579248068
lightcyan	MEdarkred	43	0.079288091900147	0.508759418749887	0.509294893955182	0.613275839334821
lightcyan	MEgreenyellow	43	-0.0583771207334709	-0.374221445309873	0.374434516669814	0.710010759830154
lightcyan	MEgrey	43	-0.122988367061538	-0.791516885222668	0.793534216629347	0.432035328243123
lightcyan	group	43	-0.0261517464974558	-0.167491071969622	0.167510172909476	0.867792157305241
lightcyan	age	43	0.243528112665927	1.591312438211	1.60774375348463	0.115566086974896
lightcyan	White_vs_nonwhite	43	-0.0284919068680626	-0.182486610324649	0.182511314794755	0.856080945148933
lightcyan	apo	43	0.0479311541124858	0.307144489691742	0.307262289081723	0.760199060560587
lightcyan	apo_hdp	14	-0.343469106320713	-1.24021884164282	1.26688407659257	0.229233350967695
lightcyan	apo_gdm	14	0.283727960048555	1.01058851957223	1.02498440830121	0.325589545279389
lightcyan	apo_other	14	-0.14444183176743	-0.503885154650319	0.505663932161902	0.622252388008604
lightcyan	preterm	43	0.0769175723730048	0.493487521006942	0.493976198567308	0.623959167982779
lightcyan	bmi	43	0.109947657302139	0.706866063556337	0.708302680280522	0.4827650573625
lightcyan	gwg	39	-0.230027302037795	-1.4246942622632	1.4377560675161	0.158907700789636
lightcyan	egwg	39	-0.0780976381134473	-0.476018750308927	0.476504768123828	0.636516907059272
lightcyan	ppwr	42	-0.195872503276001	-1.25502417638183	1.26327695239103	0.213803558880675
lightcyan	ppwr_e	42	-0.146256225297572	-0.931687116317514	0.935060535014831	0.355368082305699
lightcyan	low_income	43	-0.133072419722278	-0.857162977000068	0.859725361097895	0.394939664467181
lightcyan	low_access	43	-0.0363102579480983	-0.23260135194114	0.232652511907637	0.817188757831557
lightcyan	SPL_SVM	43	-0.0993395607175502	-0.638188390554158	0.639245517877404	0.526218837303587
lightcyan	RPL_SVM	43	-0.0919386665225061	-0.590361857544531	0.591198624174329	0.557632888646948
lightcyan	SPL_EBM	43	0.153814102955374	0.992770069444953	0.996752359605804	0.324731317466108
lightcyan	RPL_EBM	43	0.12829612088202	0.826048290474382	0.828341493944728	0.412273236972299
lightcyan	F_HVM	43	0.136636681585133	0.880408145779007	0.883184836851818	0.382285810910647
lightcyan	RPL_HVM	43	0.136636681585133	0.880408145779007	0.883184836851818	0.382285810910647
lightcyan	epds_mth6	42	-0.0231542273481273	-0.146466369936984	0.146479462183019	0.884278661756132
lightcyan	epds_3a_mth6	42	0.000991741844858484	0.00627232821768734	0.00627232924588171	0.995026616698798
lightcyan	sleep_mth6	42	0.0296185466853372	0.187378943088214	0.187406356947156	0.852289440645755
lightcyan	reap_mth6	42	-0.0134129264231772	-0.0848358829267051	0.0848384270105353	0.932813053865021
lightcyan	KCAL_mth6	24	-0.288645173402248	-1.39346467553118	1.41405344180167	0.171342396957866
lightcyan	HEI2015_TOTAL_SCORE_mth6	24	0.312537797406888	1.51667159742028	1.54324033453594	0.137035709889947
lightcyan	ppaq_total_mth6	42	0.126930818337169	0.807134462284709	0.809327166664067	0.423115250466998
lightcyan	PM2.5_7Days_mth6	21	0.0479180491646435	0.209030019316035	0.209110144874053	0.836587894133355
lightcyan	PM2.5_30Days_mth6	20	0.145597462973755	0.622139014622487	0.624371072639386	0.540217771706951
lightcyan	PM2.5_90Days_mth6	20	0.0820005365566022	0.348681741294779	0.349074395751759	0.731083677312272
lightcyan	EH_7Days_mth6	36	-0.123392148020577	-0.723178984636095	0.72503440036446	0.473391646311003
lightcyan	EH_30Days_mth6	36	-0.0458182188784639	-0.267351019185527	0.267444702234009	0.790742493255266
lightcyan	EH_90Days_mth6	36	-0.0539303705299747	-0.314770801984912	0.314923705135343	0.754744251957774
lightcyan	weight_mth6	42	0.0355142225337137	0.224706167835463	0.224753446058932	0.823315300838187
lightcyan	postpart_epds_bbmr	11	-0.154191162145448	-0.466292566546752	0.468172343419811	0.650792060495125
lightcyan	infant_apgar1_bbmr	28	0.205586766663468	1.06344615533749	1.07117236325187	0.29393504376682
lightcyan	infant_apgar5_bbmr	28	0.0709198641428388	0.362229881588167	0.362534627443175	0.719882964857783
lightcyan	infant_weight_bbmr	23	-0.265539071996602	-1.24672788018863	1.26216447693027	0.220727685699597
lightcyan	breastfeeding	42	-0.187984334282939	-1.20322666559991	1.21049804839578	0.233192276945119
lightcyan	feeding_mth6	42	-0.176066510177295	-1.12526764236266	1.13121389858435	0.264701841446161
lightcyan	ex_feeding_mth6	42	0.176066510177295	1.12526764236266	1.13121389858435	0.264701841446161
orange	MEmidnightblue	43	-0.17352706226133	-1.1224737703049	1.12823162598379	0.265781034117358
orange	MEblack	43	0.00703156339186963	0.0450247160419099	0.0450250870803576	0.964305898488788
orange	MEmagenta	43	-0.111958352653314	-0.719901271130512	0.721418874190363	0.474745936540347
orange	MEpurple	43	-0.232437932638379	-1.51603635044126	1.53024035925772	0.133637083338069
orange	MEtan	43	-0.0383274358398229	-0.245535610495588	0.245595788846939	0.807220414665186
orange	MElightgreen	43	-0.104138848679078	-0.669240303905757	0.670459429261555	0.506324237294226
orange	MEturquoise	43	-0.39977648264906	-2.71097309369958	2.79269379995204	0.00790666412915286
orange	MEpink	43	-0.0193690929330427	-0.12403822143464	0.124045979253456	0.901885032968992
orange	MEsalmon	43	0.0982679046885043	0.631258795230826	0.632281848545526	0.530713110388087
orange	MEbrown	43	0.026735483995926	0.171231431302456	0.171251840732766	0.864868156360671
orange	MEyellow	43	0.175238868020214	1.1337784470012	1.13971221100205	0.261020973217299
orange	MEroyalblue	43	0.103325963261454	0.663978680042766	0.665169266092323	0.509666897105744
orange	MEgrey60	43	-0.00394676576207065	-0.0252717627302086	0.0252718283404806	0.979960748477334
orange	MEred	43	-0.0479209864593365	-0.307079235061526	0.307196959380211	0.760248426856237
orange	MEcyan	43	0.119316931192808	0.767657996915099	0.769498261768301	0.446008356547018
orange	MElightyellow	43	0.361944135515135	2.42756087447136	2.48613365845918	0.0170802186927325
orange	MEblue	43	0.228691365052918	1.49069967744648	1.5042021163154	0.140194338473242
orange	MEgreen	43	0.00413256180553922	0.0264614572972713	0.0264615326166167	0.979017595042601
orange	MElightcyan	43	0.198648924729498	1.28911269501513	1.29783874401236	0.20159706346548
orange	MEdarkred	43	0.125513808775847	0.807941175206188	0.810086780518433	0.422567365427492
orange	MEgreenyellow	43	-0.0894044638001987	-0.574000521637742	0.574769610022263	0.568587832854965
orange	MEgrey	43	0.14518062013141	0.93622466362674	0.939564070540028	0.35294390406056
orange	group	43	0.0849973285434907	0.545564814611166	0.546225145465618	0.587871437969181
orange	age	43	0.115476160274199	0.742721355671098	0.744387968742415	0.460887224652423
orange	White_vs_nonwhite	43	-0.109616780653197	-0.704721573561155	0.70614514943584	0.4840914243772
orange	apo	43	-0.121361563876145	-0.780942417704369	0.782879932062165	0.438196379029442
orange	apo_hdp	14	0.11559158163954	0.402218816576156	0.403123189186931	0.693947511510107
orange	apo_gdm	14	0.433457214194094	1.60784862003468	1.6662038525604	0.121540647005066
orange	apo_other	14	-0.446067995172114	-1.6620092368773	1.72651001129199	0.109883751052939
orange	preterm	43	-0.0420865568053043	-0.26964473250369	0.269724436339648	0.788725200806623
orange	bmi	43	0.189173271603664	1.226067781159	1.23357371024033	0.224387033565362
orange	gwg	39	0.147381525264238	0.903063707129183	0.906384798301029	0.370597336769198
orange	egwg	39	0.304712466371995	1.91428334218173	1.94603863038822	0.0592752089712723
orange	ppwr	42	0.0574392625438872	0.363678103295058	0.363878556045146	0.717865060559745
orange	ppwr_e	42	0.0375901442458584	0.237853019301303	0.237909091227667	0.813166093354713
orange	low_income	43	0.034861785092165	0.223314838543299	0.223360112041149	0.824364416111417
orange	low_access	43	-0.108710690614031	-0.698849793685369	0.700238067328119	0.487733335715933
orange	SPL_SVM	43	0.068425141439519	0.438820391119847	0.43916397064861	0.662848636797176
orange	RPL_SVM	43	0.0540637044452391	0.346514487078178	0.346683645130162	0.730602071965231
orange	SPL_EBM	43	0.138632985917948	0.893437555739157	0.896339441158308	0.375304375191099
orange	RPL_EBM	43	0.112708350771765	0.724764976538236	0.726313560256277	0.471772909337931
orange	F_HVM	43	-0.0273099010589565	-0.17491218300291	0.174933937110726	0.861992580253884
orange	RPL_HVM	43	-0.0273099010589565	-0.17491218300291	0.174933937110726	0.861992580253884
orange	epds_mth6	42	0.0890395748605877	0.564631024900526	0.565381361344388	0.574972211413045
orange	epds_3a_mth6	42	0.0718952962900466	0.455491665416738	0.455885526156138	0.65093775626109
orange	sleep_mth6	42	-0.0494081077708335	-0.312738958805392	0.312866422884169	0.756007602444471
orange	reap_mth6	42	-0.0842124242574905	-0.533870553797314	0.534504790523393	0.595951033754133
orange	KCAL_mth6	24	-0.101735340993706	-0.478837633719294	0.479669813589293	0.636196418139424
orange	HEI2015_TOTAL_SCORE_mth6	24	0.330629296468529	1.61132020037952	1.64320134816652	0.114558389020417
orange	ppaq_total_mth6	42	-0.0558314988276651	-0.353476989755614	0.353661041539346	0.725450252375778
orange	PM2.5_7Days_mth6	21	0.00261906463883184	0.0114162641906029	0.0114162772423105	0.991010348272603
orange	PM2.5_30Days_mth6	20	0.180137271379576	0.77268906890596	0.776967758537237	0.447268996848146
orange	PM2.5_90Days_mth6	20	0.18322595690747	0.786240574984546	0.790748620790893	0.439385806049075
orange	EH_7Days_mth6	36	0.162350977981648	0.955112117630313	0.959388883714719	0.344136074864429
orange	EH_30Days_mth6	36	0.0663824555209651	0.387642975228947	0.387928577434862	0.700487116556839
orange	EH_90Days_mth6	36	0.268394691884042	1.604287829335	1.62460486376444	0.113482637547078
orange	weight_mth6	42	0.219105449432705	1.40858127030816	1.42025505093761	0.163281460035885
orange	postpart_epds_bbmr	11	0.2329812663912	0.712018625907729	0.718722153689565	0.490549770391194
orange	infant_apgar1_bbmr	28	-0.228811128177495	-1.1877378285491	1.19850781854425	0.241529995223308
orange	infant_apgar5_bbmr	28	-0.283559123328451	-1.48660979877352	1.50775987546661	0.14367191434805
orange	infant_weight_bbmr	23	0.134416123486914	0.619722534305972	0.621613216081717	0.540886351972578
orange	breastfeeding	42	-0.203454661795669	-1.30496932711721	1.31424860322336	0.196249471433584
orange	feeding_mth6	42	-0.0766421335653555	-0.485679871679829	0.486157364809466	0.629508485605642
orange	ex_feeding_mth6	42	0.0766421335653555	0.485679871679829	0.486157364809466	0.629508485605642
turquoise	MEmidnightblue	43	-0.165338035765955	-1.06848829694702	1.07345397821799	0.289344957691273
turquoise	MEblack	43	-0.0653641980804743	-0.419132674358375	0.419432047261369	0.67709001686064
turquoise	MEmagenta	43	-0.0661784198742246	-0.424368889113479	0.424679624623436	0.673290640302006
turquoise	MEpurple	43	-0.063812229832275	-0.409153597726956	0.409432089697784	0.684353803643865
turquoise	MEtan	43	-0.0172933077894454	-0.110742238601552	0.110747759519378	0.912356734518986
turquoise	MElightgreen	43	0.0235884005120042	0.151067481817937	0.151081496716199	0.880652338811366
turquoise	MEturquoise	43	0.129443929919647	0.83352197429952	0.835878021625755	0.408068605544947
turquoise	MEpink	43	-0.0388786431981577	-0.249070327197577	0.249133142249436	0.804501663680721
turquoise	MEsalmon	43	-0.0156182318174289	-0.100013611303966	0.100017678054365	0.920817761538553
turquoise	MEbrown	43	-0.0345476049808131	-0.221300678354263	0.221344737803742	0.825922736320139
turquoise	MEyellow	43	-0.0922508138186485	-0.592377672494943	0.593223042406439	0.556290401388365
turquoise	MEroyalblue	43	0.0368048994321203	0.235772841439276	0.235826122844056	0.814741674205416
turquoise	MEgrey60	43	-0.0476880013573532	-0.305583985452699	0.305699998309753	0.761379880391913
turquoise	MEred	43	0.0934603560567963	0.600189880809129	0.601069149652487	0.551102771457319
turquoise	MEcyan	43	-0.0983151541061012	-0.631564290581144	0.632588830405336	0.530514562920174
turquoise	MElightyellow	43	-0.0469386570806177	-0.300775075734866	0.3008856969285	0.765022268187778
turquoise	MEblue	43	-0.143598914946426	-0.925881160947525	0.92911102803056	0.358269681544187
turquoise	MEgreen	43	-0.265115579466664	-1.73910624202712	1.76056699456183	0.085769882748788
turquoise	MElightcyan	43	-0.172655740429352	-1.11672226934438	1.12239197980596	0.268225901458375
turquoise	MEdarkred	43	0.110180005468874	0.708372061470875	0.709817883786186	0.481834793518134
turquoise	MEgreenyellow	43	-0.0861766824605262	-0.553172089488952	0.553860436982843	0.582682666509685
turquoise	MEgrey	43	-0.172451352250846	-1.11537338373971	1.12102255298627	0.268801547165785
turquoise	group	43	-0.230102389966166	-1.50023650287421	1.5140002294698	0.137697351190055
turquoise	age	43	0.345292934648945	2.30569830605284	2.35585022182562	0.0233434520733336
turquoise	White_vs_nonwhite	43	-0.223810127261857	-1.45775816990527	1.47038361696091	0.149091111825361
turquoise	apo	43	-0.123511867264793	-0.794920626995395	0.79696410918529	0.430063048234925
turquoise	apo_hdp	14	0.0739707167945364	0.256710976981942	0.256946005234917	0.801573101874894
turquoise	apo_gdm	14	0.406930917600623	1.49624086843456	1.54320023910915	0.148732086266642
turquoise	apo_other	14	0.336561793373814	1.21316311797971	1.23811411800493	0.239349628204647
turquoise	preterm	43	-0.30212280570552	-1.9968398779649	2.02936404565986	0.0489465350399474
turquoise	bmi	43	0.0110065065422081	0.0704788749136451	0.0704802980431136	0.944154044019872
turquoise	gwg	39	-0.132775821818507	-0.812440734323931	0.814858473603694	0.420367551874481
turquoise	egwg	39	-0.0793980949095644	-0.483978481425779	0.48448929526058	0.630894465906431
turquoise	ppwr	42	-0.115982562695344	-0.736854113186777	0.73852223607881	0.464508576203186
turquoise	ppwr_e	42	0.187202810798014	1.19810358880592	1.20528237623034	0.235176455552944
turquoise	low_income	43	0.284428706044646	1.8728756626049	1.89969507735381	0.0645228190407536
turquoise	low_access	43	0.0455363376903075	0.291776611097869	0.291877597153401	0.771852021474189
turquoise	SPL_SVM	43	-0.0155365063433102	-0.0994901859280448	0.0994941891609957	0.921230796041437
turquoise	RPL_SVM	43	0.00350168504493215	0.0224218160272885	0.0224218618496547	0.982220211787329
turquoise	SPL_EBM	43	-0.0934098598687228	-0.599863699844539	0.600741535497678	0.55131888648316
turquoise	RPL_EBM	43	-0.0907924207705451	-0.582960518872667	0.583766198367167	0.562575657354236
turquoise	F_HVM	43	0.245376730036142	1.60390166356356	1.62072687270511	0.112743048111442
turquoise	RPL_HVM	43	0.245376730036142	1.60390166356356	1.62072687270511	0.112743048111442
turquoise	epds_mth6	42	-0.076632560547267	-0.485618968898074	0.486096282386374	0.629551409393956
turquoise	epds_3a_mth6	42	-0.156291641005657	-0.996643708187937	1.00077368640188	0.322952167721556
turquoise	sleep_mth6	42	-0.106195406039792	-0.674180736952017	0.67545824756749	0.503271035046791
turquoise	reap_mth6	42	0.0782938539944281	0.496189341732407	0.496698513960023	0.622120574577641
turquoise	KCAL_mth6	24	-0.244460781975828	-1.17031951480636	1.18250074629386	0.24963004757067
turquoise	HEI2015_TOTAL_SCORE_mth6	24	0.368314663273813	1.8127136642035	1.85817649116649	0.0765772499633024
turquoise	ppaq_total_mth6	42	-0.259345299142888	-1.67857725396266	1.69835342584601	0.0972082953979157
turquoise	PM2.5_7Days_mth6	21	-0.276633598125194	-1.23807118116142	1.25478530646567	0.224772669809767
turquoise	PM2.5_30Days_mth6	20	-0.226458912793342	-0.977732618355001	0.986410020598003	0.337006653994983
turquoise	PM2.5_90Days_mth6	20	-0.402833799053664	-1.81172242969282	1.86728855201192	0.0782340446514381
turquoise	EH_7Days_mth6	36	0.188565341290997	1.11283250050668	1.11960034116572	0.270731282612734
turquoise	EH_30Days_mth6	36	-0.213299460253248	-1.26313312268618	1.27303542418325	0.211641424981146
turquoise	EH_90Days_mth6	36	-0.0942683793977458	-0.551311354715463	0.552133133190882	0.58446859971341
turquoise	weight_mth6	42	-0.0275427080342256	-0.174239448943955	0.174261490624618	0.862538962986573
turquoise	postpart_epds_bbmr	11	0.00312381462004534	0.00937147434317805	0.00937148958476571	0.992727188069772
turquoise	infant_apgar1_bbmr	28	0.245231947617155	1.27645440248691	1.28982811576702	0.208465680149394
turquoise	infant_apgar5_bbmr	28	0.0315252573555879	0.160801186868889	0.160827841013322	0.8734721157982
turquoise	infant_weight_bbmr	23	-0.0152206007993652	-0.0697549422507746	0.0697576360141055	0.945046577082059
turquoise	breastfeeding	42	-0.369499071174393	-2.4529335032462	2.51489356904447	0.0160281016060668
turquoise	feeding_mth6	42	0.170038970952951	1.08596912072749	1.0913133045122	0.281665150550284
turquoise	ex_feeding_mth6	42	-0.170038970952951	-1.08596912072749	1.0913133045122	0.281665150550284
yellow	MEmidnightblue	43	-0.166159699081273	-1.07389813228843	1.07893969217362	0.286921344690217
yellow	MEblack	43	-0.020529799136942	-0.131473327323828	0.131482565516383	0.896036668642203
yellow	MEmagenta	43	-0.0999051322356108	-0.641846116864998	0.642921531229857	0.523854536861641
yellow	MEpurple	43	-0.138882748494569	-0.895068212812908	0.897986026750654	0.374436282094884
yellow	MEtan	43	-0.0381057362731377	-0.244113964295995	0.244173103343397	0.808314550454586
yellow	MElightgreen	43	-0.0922269901477036	-0.592223817570068	0.593068528775349	0.556392809026239
yellow	MEturquoise	43	-0.0542079275678175	-0.347440680032841	0.347611198266705	0.729910458680577
yellow	MEpink	43	-0.0638143737295256	-0.40916738149681	0.409445901618345	0.684343749807967
yellow	MEsalmon	43	-0.0507224626122291	-0.325061190280909	0.325200832332113	0.746682809672729
yellow	MEbrown	43	0.0209720703209322	0.134306464660413	0.134316313049505	0.893809643159566
yellow	MEyellow	43	0.0816523417881679	0.523996680005636	0.524581733959763	0.60269896880318
yellow	MEroyalblue	43	0.0226532921838489	0.145076664047184	0.145089076817579	0.885351464471659
yellow	MEgrey60	43	0.0141821621479855	0.0908162352514169	0.0908192800582419	0.928078449574051
yellow	MEred	43	-0.0370367306069273	-0.237259311537001	0.237313607120435	0.813595359397761
yellow	MEcyan	43	0.117769775522186	0.757610167431567	0.759379079573919	0.45196999998379
yellow	MElightyellow	43	0.173116082818844	1.11976071670552	1.1254768800702	0.266932366202048
yellow	MEblue	43	0.0177436745116225	0.113626878013591	0.11363284170213	0.910083465510057
yellow	MEgreen	43	-0.186973216668662	-1.21146399069254	1.21870457632405	0.229922321834376
yellow	MElightcyan	43	-0.0967184983102382	-0.621242547943176	0.622217656287673	0.537243943799824
yellow	MEdarkred	43	0.0340220651544277	0.217931621318483	0.217973698902573	0.828530865656049
yellow	MEgreenyellow	43	-0.0693571504952763	-0.444816619375897	0.445174478999419	0.658535278911184
yellow	MEgrey	43	-0.0278085342296228	-0.178107420025992	0.178130388266758	0.859497809938776
yellow	group	43	-0.187001337119845	-1.2116505731492	1.21889450874504	0.229850986809788
yellow	age	43	0.32949349412955	2.19153301820242	2.23457103943604	0.0309574632209294
yellow	White_vs_nonwhite	43	-0.0650657811191687	-0.417213712129583	0.417508991294339	0.678484499907456
yellow	apo	43	-0.264531719269148	-1.7350857490294	1.75639764251145	0.0864880288450021
yellow	apo_hdp	14	-0.0905167545315953	-0.314419830040283	0.314851723055476	0.758281634000754
yellow	apo_gdm	14	0.625077552452073	2.54021120008368	2.77406580237886	0.0168345608135932
yellow	apo_other	14	0.0270447580758922	0.093708641347919	0.0937200707185843	0.926878162975227
yellow	preterm	43	-0.310382402544629	-2.05520133087176	2.0906716261201	0.0427983109929759
yellow	bmi	43	-0.116762332372463	-0.751069439506497	0.752792910296518	0.455875168053897
yellow	gwg	39	0.0351321180753377	0.213788317604707	0.213832335143762	0.831851821831941
yellow	egwg	39	0.0635222721526272	0.386911864698965	0.387172822945204	0.700846409576944
yellow	ppwr	42	-0.0148754438533345	-0.0940875078324083	0.0940909783117179	0.925506633977244
yellow	ppwr_e	42	0.126504378855671	0.804393408082821	0.806563836777464	0.424687564489036
yellow	low_income	43	0.348233317690576	2.32709932635438	2.37866697648255	0.0221155227113044
yellow	low_access	43	-0.0314704160033127	-0.201575546996386	0.20160884360138	0.841219492175379
yellow	SPL_SVM	43	0.108891647507745	0.700022363686111	0.701417639825023	0.487004867246244
yellow	RPL_SVM	43	0.108273808809153	0.696019065889784	0.697390531342708	0.489494398280908
yellow	SPL_EBM	43	0.0246478047930693	0.157854927824672	0.157870917974098	0.875333491691212
yellow	RPL_EBM	43	0.0195497914417711	0.125195694738989	0.125203671771789	0.900974215826778
yellow	F_HVM	43	0.267811641821694	1.75768890077491	1.77984672153602	0.082513731797315
yellow	RPL_HVM	43	0.267811641821694	1.75768890077491	1.77984672153602	0.082513731797315
yellow	epds_mth6	42	-0.0576946966126959	-0.365298981724509	0.365502126933809	0.716662397595866
yellow	epds_3a_mth6	42	-0.169603606766254	-1.08313386920967	1.08843626358834	0.282917252964529
yellow	sleep_mth6	42	-0.0331387701380468	-0.209664757222191	0.209703162324737	0.834963799514755
yellow	reap_mth6	42	0.131769892275655	0.838260300389706	0.840716744622442	0.405504324482059
yellow	KCAL_mth6	24	-0.0933305647333336	-0.439036883718327	0.439678269520364	0.664459007983492
yellow	HEI2015_TOTAL_SCORE_mth6	24	0.382105888694064	1.88800144108294	1.93939996887745	0.0653826966427703
yellow	ppaq_total_mth6	42	-0.166835446567844	-1.06511662553091	1.07015854724371	0.290963214235547
yellow	PM2.5_7Days_mth6	21	-0.115491930268762	-0.505673997802426	0.506809006665182	0.618120043773555
yellow	PM2.5_30Days_mth6	20	-0.102904203012713	-0.438136465870944	0.438915642690251	0.665945842860806
yellow	PM2.5_90Days_mth6	20	-0.176746897982669	-0.757831839046663	0.761868177654016	0.4560060431632
yellow	EH_7Days_mth6	36	0.179995705311092	1.06110642228827	1.06697274216125	0.293502073512699
yellow	EH_30Days_mth6	36	-0.165985545178337	-0.976892128570777	0.981468477556966	0.333294513691151
yellow	EH_90Days_mth6	36	0.0252131818111704	0.147048015237728	0.14706360218778	0.883950421630168
yellow	weight_mth6	42	-0.0888695188364259	-0.5635469177214	0.564292939317636	0.575705532477889
yellow	postpart_epds_bbmr	11	-0.13949808690807	-0.421240996372673	0.422626559290212	0.682485865650549
yellow	infant_apgar1_bbmr	28	0.250537454233714	1.30527852008189	1.31958088341993	0.198477392319573
yellow	infant_apgar5_bbmr	28	0.124353237471541	0.637378659914492	0.639039803775267	0.528387257389834
yellow	infant_weight_bbmr	23	0.327202442947953	1.55666453649225	1.58677516920628	0.127507414756839
yellow	breastfeeding	42	-0.0724267920395715	-0.458870735316185	0.459273428379772	0.648524099366926
yellow	feeding_mth6	42	0.290851536782238	1.89418054744932	1.92262518694466	0.0616682166204996
yellow	ex_feeding_mth6	42	-0.290851536782238	-1.89418054744932	1.92262518694466	0.0616682166204996
lightyellow	MEmidnightblue	43	-0.163447416153092	-1.05604617254405	1.06084024123696	0.294971886365065
lightyellow	MEblack	43	-0.0901948994118873	-0.579102925028641	0.579892711668284	0.565160299669559
lightyellow	MEmagenta	43	-0.0538521408750472	-0.345155863674812	0.345323039607919	0.731616993875977
lightyellow	MEpurple	43	-0.147439382418744	-0.951004185566792	0.954504371903615	0.34542251064056
lightyellow	MEtan	43	0.00517815930067907	0.0331566936727497	0.0331568418491795	0.973710408676021
lightyellow	MElightgreen	43	-0.0676018464319438	-0.433524231434844	0.433855518563821	0.666667844715517
lightyellow	MEturquoise	43	-0.141876680215446	-0.914624123210546	0.91773753015913	0.364123661007022
lightyellow	MEpink	43	0.279591022530503	1.83922289587747	1.86461854996552	0.069404315180741
lightyellow	MEsalmon	43	0.281010983174018	1.84909035551824	1.87489809587265	0.0679421652006796
lightyellow	MEbrown	43	0.111070891198437	0.714147189841727	0.715628678042582	0.478276628954292
lightyellow	MEyellow	43	0.114007939465326	0.733194728544366	0.734798002007048	0.466644764966843
lightyellow	MEroyalblue	43	-0.0197940019846391	-0.126760010557293	0.126768290364092	0.899743463729155
lightyellow	MEgrey60	43	-0.0354224785213458	-0.22690946758106	0.226956962812973	0.821585059532227
lightyellow	MEred	43	-0.00947844251589134	-0.0606934626347116	0.0606943714855024	0.95189751254358
lightyellow	MEcyan	43	0.0838820264187704	0.538372111377929	0.539006661694274	0.59279724128518
lightyellow	MElightyellow	43	0.0945242411862159	0.607062789206536	0.607972620585032	0.546558876139754
lightyellow	MEblue	43	0.0792836892245768	0.508731049535188	0.509266435149846	0.613295608854248
lightyellow	MEgreen	43	0.177360488827418	1.14779924299338	1.15395611920837	0.255200568775124
lightyellow	MElightcyan	43	0.194283286619561	1.26003661253351	1.26818469156746	0.211886186377065
lightyellow	MEdarkred	43	0.12764811069836	0.821829916879846	0.824088148263902	0.414657895411404
lightyellow	MEgreenyellow	43	0.0684764250781783	0.439150312479344	0.439494667659823	0.662611013336011
lightyellow	MEgrey	43	0.185864808462608	1.2041111894797	1.2112205826936	0.232746177376499
lightyellow	group	43	0.170176365651624	1.10036590869599	1.10578988178417	0.275264022203649
lightyellow	age	43	-0.341401337862345	-2.27744972605633	2.32577317620034	0.0250557511582445
lightyellow	White_vs_nonwhite	43	-0.0988395064245618	-0.634954730265031	0.635995864453061	0.52831361481045
lightyellow	apo	43	0.144294464650739	0.930429088325589	0.933706818635847	0.355921720706142
lightyellow	apo_hdp	14	-0.36767647900953	-1.33622075879974	1.36960430876876	0.195895037258741
lightyellow	apo_gdm	14	0.289799581108299	1.03350590328844	1.04890655278807	0.314887741843436
lightyellow	apo_other	14	0.156406118339716	0.546290738719489	0.548557882350807	0.593368254574859
lightyellow	preterm	43	0.0286272057797428	0.183353653268719	0.183378711556982	0.855404756194534
lightyellow	bmi	43	0.102717160638062	0.660038623519917	0.661208132800412	0.51217761304248
lightyellow	gwg	39	-0.0193755637020658	-0.117871704536462	0.117879081605897	0.906801082832263
lightyellow	egwg	39	0.000642755165401476	0.00390972757467408	0.00390972784388096	0.99690150080882
lightyellow	ppwr	42	-0.264925009409747	-1.71647038816392	1.7376197370154	0.0899726596863611
lightyellow	ppwr_e	42	-0.199246311311059	-1.27722867164325	1.28592789097109	0.205862666536042
lightyellow	low_income	43	0.167062541504347	1.07984420350937	1.08497005188328	0.284273542967746
lightyellow	low_access	43	-0.0213811022163674	-0.136926721789115	0.136937157918503	0.891750708649716
lightyellow	SPL_SVM	43	0.0782030377167599	0.501768330519115	0.502282028641171	0.618156267078874
lightyellow	RPL_SVM	43	0.057283678361683	0.367196503346956	0.367397797849788	0.71521202894408
lightyellow	SPL_EBM	43	-0.069141958808277	-0.443432080707413	0.443786608562078	0.659530226096447
lightyellow	RPL_EBM	43	-0.079673396482755	-0.511242256447315	0.511785611298471	0.611546740295527
lightyellow	F_HVM	43	0.181981419178656	1.17837472278063	1.18503742709627	0.242826224126429
lightyellow	RPL_HVM	43	0.181981419178656	1.17837472278063	1.18503742709627	0.242826224126429
lightyellow	epds_mth6	42	0.117473784087679	0.746415708442743	0.748149646252317	0.458746320661364
lightyellow	epds_3a_mth6	42	0.0767018749777738	0.486059943838461	0.486538559063227	0.62924064245379
lightyellow	sleep_mth6	42	0.0415909277750151	0.263195952853477	0.263271926677145	0.793692465416516
lightyellow	reap_mth6	42	0.139502198617814	0.888080515756531	0.891001800743854	0.37825649333643
lightyellow	KCAL_mth6	24	-0.158716055702022	-0.750791549981052	0.754001812576453	0.458842968005495
lightyellow	HEI2015_TOTAL_SCORE_mth6	24	-0.239193035102667	-1.14407683767588	1.15545529790441	0.260299408760652
lightyellow	ppaq_total_mth6	42	-0.245231662375161	-1.58324491081426	1.59983290012805	0.117505544470949
lightyellow	PM2.5_7Days_mth6	21	0.318399235733441	1.43784707250553	1.46406484133227	0.159525880223861
lightyellow	PM2.5_30Days_mth6	20	0.129767731779112	0.553679867258983	0.555252843855066	0.585556909693195
lightyellow	PM2.5_90Days_mth6	20	0.106930835226462	0.455410187613374	0.456285241233812	0.653642338522324
lightyellow	EH_7Days_mth6	36	0.253516844653362	1.51119411069517	1.52816829857316	0.135721632973503
lightyellow	EH_30Days_mth6	36	0.0466334133105126	0.272114557823369	0.272213338603906	0.787104319748611
lightyellow	EH_90Days_mth6	36	0.00125462367747459	0.00731565414796674	0.00731565606720657	0.994205760111187
lightyellow	weight_mth6	42	0.0786880432018937	0.498697867815259	0.499214803249347	0.620362785610907
lightyellow	postpart_epds_bbmr	11	0.359176237025519	1.12781941317794	1.15457369993885	0.277999807601677
lightyellow	infant_apgar1_bbmr	28	-0.171975973541965	-0.885710647585345	0.890171379886347	0.38153707983235
lightyellow	infant_apgar5_bbmr	28	-0.0281502791976707	-0.143576756195897	0.143595729590092	0.886926880633601
lightyellow	infant_weight_bbmr	23	0.00278473487317703	0.012761291333653	0.0127613078271781	0.989938686673601
lightyellow	breastfeeding	42	-0.249866774427031	-1.61447372485978	1.6320649704581	0.110514896724819
lightyellow	feeding_mth6	42	0.34807297428622	2.29739090426558	2.34824878503464	0.0238929026041063
lightyellow	ex_feeding_mth6	42	-0.34807297428622	-2.29739090426558	2.34824878503464	0.0238929026041063
brown	MEmidnightblue	43	-0.443038090835855	-3.04791628248348	3.16432695294674	0.0029273174121305
brown	MEblack	43	-0.457485368898668	-3.16395280778565	3.29428605678768	0.0020396148142332
brown	MEmagenta	43	-0.457899353971649	-3.16730605078797	3.29805751446356	0.00201813916323397
brown	MEpurple	43	-0.36985324561107	-2.48603269835237	2.5489627517868	0.0146434942665644
brown	MEtan	43	-0.291341782428726	-1.92114137261557	1.95009462779145	0.0580249476532726
brown	MElightgreen	43	0.0589203872383517	0.377712054888893	0.377931145108162	0.707431370400671
brown	MEturquoise	43	-0.169598740567227	-1.09655738255313	1.1019251761038	0.276920976711498
brown	MEpink	43	-0.114882473497694	-0.738868796250903	0.740509597598369	0.463210714702376
brown	MEsalmon	43	-0.0548360802740264	-0.351474812043135	0.351651339775344	0.726900663018122
brown	MEbrown	43	0.149003034424116	0.961241351585974	0.964855879506235	0.340273835814362
brown	MEyellow	43	0.26324878608815	1.72625608627673	1.74724348884705	0.0880824500319108
brown	MEroyalblue	43	0.229840331691099	1.49846481206408	1.51217974492746	0.138158582363477
brown	MEgrey60	43	0.342492794212644	2.28536383747394	2.33419496022264	0.0245652721888908
brown	MEred	43	0.170560354769395	1.10289813766104	1.10835968007547	0.27416613762838
brown	MEcyan	43	0.23030791688094	1.50162616138628	1.51542824135615	0.137336417511207
brown	MElightyellow	43	0.156703554245917	1.01172860068612	1.01594361527866	0.3156142189482
brown	MEblue	43	0.132979848282913	0.856559552399548	0.859116525489088	0.395271525938847
brown	MEgreen	43	0.0981162303971243	0.630278150836006	0.631296442155895	0.531350708427007
brown	MElightcyan	43	0.209981541213071	1.36483896969042	1.3751974409264	0.176538509445639
brown	MEdarkred	43	0.0956463773034339	0.614313522410299	0.615256355872527	0.54178563803266
brown	MEgreenyellow	43	0.146731408437781	0.94637069861635	0.949819935964303	0.347769314117646
brown	MEgrey	43	-0.00972591774029359	-0.062278223368229	0.0622792052870659	0.950643115768112
brown	group	43	0.28674729695602	1.88904029357068	1.91656218788183	0.0622820173788396
brown	age	43	0.0557838209298767	0.357561935339215	0.357747795557818	0.722367244061655
brown	White_vs_nonwhite	43	-0.135204189970358	-0.871063078092069	0.873752231364084	0.387342402394711
brown	apo	43	-0.0327769053425212	-0.209949803389161	0.209987424763366	0.834717519085743
brown	apo_hdp	14	-0.274113624479651	-0.974473477090523	0.987376627704474	0.342949146847029
brown	apo_gdm	14	-0.195117563296446	-0.684685942933159	0.6891526761207	0.503834950689668
brown	apo_other	14	0.173552778979989	0.607352160173851	0.610468585500523	0.552937903162364
brown	preterm	43	-0.00515790332958714	-0.033026988709063	0.0330271351533398	0.973813212907907
brown	bmi	43	-0.138762214521031	-0.894281252761113	0.897191372283028	0.374855069434229
brown	gwg	39	-0.100776892754727	-0.615089857258132	0.616138638132592	0.541575336826513
brown	egwg	39	0.0161096845855795	0.0979998640637362	0.0980041037047207	0.922458040107497
brown	ppwr	42	-0.308372536601697	-2.01592621180797	2.05023604286029	0.0469348742797479
brown	ppwr_e	42	-0.31281779801389	-2.04704233950574	2.08297122742221	0.0436906498171012
brown	low_income	43	-0.112948928467154	-0.726325288662916	0.727883899849056	0.470821345999295
brown	low_access	43	-0.0420888473714065	-0.26965942530948	0.269739142175984	0.788713964791203
brown	SPL_SVM	43	-0.149312725847169	-0.963269465896383	0.966906938213303	0.339259755035987
brown	RPL_SVM	43	-0.151982258254768	-0.980759761338169	0.984599151429	0.330595946862483
brown	SPL_EBM	43	0.0448863715982975	0.287606272863544	0.287702990074509	0.775023385898
brown	RPL_EBM	43	0.0603507930362671	0.386903812111083	0.387139291663279	0.700655420762621
brown	F_HVM	43	0.140214703682413	0.903766273449079	0.90677003787819	0.369827062106608
brown	RPL_HVM	43	0.140214703682413	0.903766273449079	0.90677003787819	0.369827062106608
brown	epds_mth6	42	0.0441785166141613	0.279591463802851	0.279682539586862	0.781162280323334
brown	epds_3a_mth6	42	0.0355491199702034	0.224927157602609	0.22497457545807	0.823144446777099
brown	sleep_mth6	42	0.23247930727825	1.49771059706766	1.51174810815869	0.138458904391431
brown	reap_mth6	42	-0.0151428834878125	-0.0957793257298745	0.0957829868085722	0.924171199350563
brown	KCAL_mth6	24	-0.160788969754246	-0.760769016240036	0.764109087756731	0.452920212159946
brown	HEI2015_TOTAL_SCORE_mth6	24	0.25285736800624	1.21229895048846	1.22584166590001	0.23321905036324
brown	ppaq_total_mth6	42	-0.226393823946792	-1.4570838285265	1.47000776633807	0.149382205004139
brown	PM2.5_7Days_mth6	21	0.132233096324203	0.579785906821628	0.581497033983603	0.56774098955463
brown	PM2.5_30Days_mth6	20	0.0488238083409829	0.207306704045724	0.207389206739757	0.838034111838154
brown	PM2.5_90Days_mth6	20	0.161243579947915	0.690121550872321	0.693168937462059	0.497051026028082
brown	EH_7Days_mth6	36	0.0713880507115072	0.416969582365739	0.417325045034405	0.679064203956266
brown	EH_30Days_mth6	36	-0.0568223407452406	-0.331685623113927	0.331864527108672	0.74202871226161
brown	EH_90Days_mth6	36	0.0309639631398988	0.180607114355155	0.180635994224658	0.857725735041568
brown	weight_mth6	42	-0.136400064426262	-0.868080264084185	0.870808472111239	0.389055132008991
brown	postpart_epds_bbmr	11	-0.173791167307977	-0.526719806366312	0.52943008874648	0.609316041227314
brown	infant_apgar1_bbmr	28	0.0594443991987996	0.303465935047181	0.303645112004106	0.763814930493434
brown	infant_apgar5_bbmr	28	0.098352909255622	0.503129917666788	0.503946739324956	0.618542529984881
brown	infant_weight_bbmr	23	-0.0943219624171687	-0.433526238090662	0.434173186956739	0.668590873792099
brown	breastfeeding	42	-0.000462387555097157	-0.00292439588006142	0.00292439598426847	0.99768120931066
brown	feeding_mth6	42	0.137693821498162	0.87641932665256	0.879226967612369	0.384529761582551
brown	ex_feeding_mth6	42	-0.137693821498162	-0.87641932665256	0.879226967612369	0.384529761582551
darkorange	MEmidnightblue	43	-0.151881758798407	-0.98010104547358	0.98393269867901	0.330919592255751
darkorange	MEblack	43	-0.174544184935517	-1.12918995632075	1.1350518940377	0.262945805367498
darkorange	MEmagenta	43	-0.271518299397802	-1.78328441334332	1.8064269440166	0.0781954973698673
darkorange	MEpurple	43	-0.250940120670803	-1.64186260203654	1.65991367146216	0.10456254750062
darkorange	MEtan	43	-0.0280675106506501	-0.179766973570169	0.179790589863229	0.858202625615635
darkorange	MElightgreen	43	-0.125568390633022	-0.808296266052211	0.810444703097771	0.422364037397629
darkorange	MEturquoise	43	-0.278467705633084	-1.83142286729151	1.85649591029848	0.0705785399935732
darkorange	MEpink	43	-0.0280422058612585	-0.179604816229884	0.179628368670244	0.858329162949958
darkorange	MEsalmon	43	0.0056257016675985	0.0360224467226061	0.0360226367364327	0.971439126987342
darkorange	MEbrown	43	0.215678490696919	1.40304811283611	1.41430258470568	0.164822502577812
darkorange	MEyellow	43	0.304707576129263	2.01506865365169	2.04849467863163	0.046950227066101
darkorange	MEroyalblue	43	0.417113520482098	2.84421944317322	2.93867720495778	0.00539118468489026
darkorange	MEgrey60	43	0.129030770430154	0.830831526063676	0.833164819611014	0.409579241507871
darkorange	MEred	43	0.134162922853436	0.864272536602846	0.866899249686712	0.391042519940388
darkorange	MEcyan	43	0.0361270151049846	0.231426484068264	0.231476872684382	0.818095731362257
darkorange	MElightyellow	43	0.0666820811236587	0.427608189699688	0.427926096470178	0.670944427378098
darkorange	MEblue	43	0.148379620699877	0.957159305504713	0.960727945824217	0.342320861187279
darkorange	MEgreen	43	0.0816677355201085	0.524095909683135	0.524681296150881	0.602630362145197
darkorange	MElightcyan	43	0.0827728864569697	0.531220492637767	0.531830084008741	0.597713812197868
darkorange	MEdarkred	43	0.0223017482730364	0.142824546830837	0.142836390445281	0.887119063645162
darkorange	MEgreenyellow	43	-0.00291115419459279	-0.0186405346408042	0.0186405609701565	0.98521826537535
darkorange	MEgrey	43	-0.0344731380308264	-0.22082328866693	0.220867063584741	0.826292186332062
darkorange	group	43	-0.0138770650705607	-0.0888622761471358	0.0888651286190351	0.929621766183828
darkorange	age	43	0.0667678997500672	0.428160154497926	0.428479294122387	0.670544964208403
darkorange	White_vs_nonwhite	43	0.137897421444984	0.888635849298843	0.891491168098408	0.377867902808196
darkorange	apo	43	0.012179944715162	0.0779935561775703	0.0779954847869868	0.938211053187903
darkorange	apo_hdp	14	-0.378081338510648	-1.37808572006966	1.41472375092579	0.182570432582671
darkorange	apo_gdm	14	0.00744485436508669	0.0257902085190704	0.0257904467692671	0.979848408162222
darkorange	apo_other	14	0.232399324891937	0.820036987164208	0.827717400702941	0.423986148939995
darkorange	preterm	43	-0.0391038577032478	-0.250514599412367	0.250578513596988	0.803391478402321
darkorange	bmi	43	-0.263654744881074	-1.7290493634333	1.75013905909013	0.087575478530107
darkorange	gwg	39	0.045084055373597	0.27442163086949	0.27451473013293	0.785216056541359
darkorange	egwg	39	-0.0655809300023736	-0.39948659379989	0.399773835384863	0.691621685318225
darkorange	ppwr	42	-0.161680934669083	-1.03161258317154	1.03619311986004	0.306335933622525
darkorange	ppwr_e	42	-0.19632930981029	-1.2580288199052	1.26634109010096	0.212716116679384
darkorange	low_income	43	-0.150360879121893	-0.970135062185505	0.973850927356114	0.335841459124641
darkorange	low_access	43	0.267715380253913	1.75702492039757	1.77915757680855	0.0826283053933039
darkorange	SPL_SVM	43	-0.126904602811792	-0.816990752335209	0.81920930539852	0.417403631364952
darkorange	RPL_SVM	43	-0.123806608647955	-0.796837200188742	0.798895506358753	0.428954832846393
darkorange	SPL_EBM	43	-0.0074633039573688	-0.0477893497772962	0.0477897934466865	0.962115808272967
darkorange	RPL_EBM	43	-0.00263009671159385	-0.0168408748326083	0.0168408942485741	0.986645233271918
darkorange	F_HVM	43	-0.0108847473303297	-0.0696991421347233	0.0697005185508872	0.944770882217876
darkorange	RPL_HVM	43	-0.0108847473303297	-0.0696991421347233	0.0697005185508872	0.944770882217876
darkorange	epds_mth6	42	-0.100021893490214	-0.63471632286218	0.635782296487751	0.528539361557381
darkorange	epds_3a_mth6	42	-0.10322882055225	-0.655210385573319	0.65638302401451	0.515336216511116
darkorange	sleep_mth6	42	-0.0446319477727583	-0.282464880172198	0.282558793114284	0.77897209700565
darkorange	reap_mth6	42	-0.040782326251159	-0.258073217611014	0.258144840811549	0.797618740732502
darkorange	KCAL_mth6	24	-0.270728551188659	-1.30229313097555	1.31908991508029	0.2007047590056
darkorange	HEI2015_TOTAL_SCORE_mth6	24	-0.143303987594927	-0.676813954729661	0.67916513597234	0.504116515077592
darkorange	ppaq_total_mth6	42	-0.279766779480448	-1.81786080037835	1.84299496339603	0.0727490930069751
darkorange	PM2.5_7Days_mth6	21	-0.130089173992415	-0.570277181216607	0.571905445164092	0.574090710673187
darkorange	PM2.5_30Days_mth6	20	-0.27615984049221	-1.20287376137253	1.21905388144783	0.238558991648899
darkorange	PM2.5_90Days_mth6	20	-0.124936041069176	-0.532842749600136	0.534244646048397	0.599709325489801
darkorange	EH_7Days_mth6	36	0.0374262783058476	0.21833280801304	0.218383829989536	0.828435592414315
darkorange	EH_30Days_mth6	36	-0.16433106140657	-0.966974381761327	0.971412633156701	0.338203298060692
darkorange	EH_90Days_mth6	36	-0.116550256312301	-0.682701479745762	0.684262325659094	0.498447385469631
darkorange	weight_mth6	42	-0.236059259084327	-1.52166701001819	1.53639028902488	0.132315951920424
darkorange	postpart_epds_bbmr	11	-0.182018240820624	-0.552207889426378	0.555331448755959	0.592201189656999
darkorange	infant_apgar1_bbmr	28	0.204448398637867	1.05738691033877	1.06498161574528	0.296675011261605
darkorange	infant_apgar5_bbmr	28	0.00359144262690405	0.0183129147729372	0.018312954141368	0.985529005409219
darkorange	infant_weight_bbmr	23	0.242532750756998	1.1340197971858	1.1456294982167	0.264836685733798
darkorange	breastfeeding	42	-0.259620156623608	-1.6804411005045	1.70028337758963	0.0968417021887015
darkorange	feeding_mth6	42	0.265684364781313	1.72163660592696	1.74297796924714	0.0890210756691682
darkorange	ex_feeding_mth6	42	-0.265684364781313	-1.72163660592696	1.74297796924714	0.0890210756691682
greenyellow	MEmidnightblue	43	0.0648098098561083	0.415567755458723	0.415859553172652	0.679681482381525
greenyellow	MEblack	43	0.148970578927565	0.961028817372851	0.964640946464933	0.340380219101207
greenyellow	MEmagenta	43	-0.020058023623119	-0.128451245417703	0.128459861078452	0.898413130495108
greenyellow	MEpurple	43	0.0270537709689903	0.173270937569097	0.1732920850173	0.863274571944885
greenyellow	MEtan	43	-0.0438768941216468	-0.281129705526649	0.281220034477159	0.779956060875901
greenyellow	MElightgreen	43	0.0637391317673131	0.408683630218825	0.408961163505858	0.684696630249364
greenyellow	MEturquoise	43	-0.0716203419670517	-0.459380484827764	0.459774664555345	0.648106841536965
greenyellow	MEpink	43	0.210214781501207	1.36640140402586	1.3767955444635	0.17604741461145
greenyellow	MEsalmon	43	0.13623412182634	0.877781613698763	0.880533512133317	0.383702864698036
greenyellow	MEbrown	43	0.0499814604950449	0.320304401462527	0.320438001921307	0.750263815071708
greenyellow	MEyellow	43	0.095439130275239	0.612974268668258	0.613910947324133	0.542665695807484
greenyellow	MEroyalblue	43	-0.03696638848619	-0.236808284690804	0.23686227120284	0.813943133260658
greenyellow	MEgrey60	43	-0.20454210868562	-1.3284461587245	1.3379967747987	0.188271570049876
greenyellow	MEred	43	-0.11606679590014	-0.746554646816466	0.748247209968085	0.458581915129954
greenyellow	MEcyan	43	-0.24991964973334	-1.63489118582019	1.65271279702767	0.106028035491667
greenyellow	MElightyellow	43	-0.0662747116560374	-0.424988173511324	0.425300271582958	0.672841845218979
greenyellow	MEblue	43	-0.0966559887141321	-0.620838514154352	0.621811720614231	0.5375082388578
greenyellow	MEgreen	43	0.0488873773827004	0.313281688824009	0.313406692247469	0.755560604911632
greenyellow	MElightcyan	43	-0.0978765452959146	-0.62872853594304	0.629739332532793	0.532359042159314
greenyellow	MEdarkred	43	-0.102527432507206	-0.658810840527949	0.659973833192071	0.512961323613343
greenyellow	MEgreenyellow	43	0.105515200046068	0.678151173085191	0.679419665899833	0.500689975256444
greenyellow	MEgrey	43	0.11794225592939	0.758730137337642	0.760506909674439	0.451303242185553
greenyellow	group	43	0.19692475559331	1.27762315595548	1.28611765354	0.205617903672837
greenyellow	age	43	0.0903079288560673	0.579832610119945	0.580625386797018	0.564670957510728
greenyellow	White_vs_nonwhite	43	-0.0618743990693996	-0.396696224960839	0.396950042974959	0.693463124937546
greenyellow	apo	43	0.153231082923891	0.988946808480837	0.99288323058569	0.32659073254816
greenyellow	apo_hdp	14	-0.0701886550961243	-0.243541091023535	0.243741765239043	0.811547992271151
greenyellow	apo_gdm	14	0.0940568796091901	0.326788538920708	0.327273448982428	0.749099652347626
greenyellow	apo_other	14	-0.203526533024899	-0.715020861317257	0.720108880519964	0.485248537806453
greenyellow	preterm	43	0.178807880493636	1.15737061996989	1.16368297860725	0.251280064467377
greenyellow	bmi	43	0.082147468517377	0.527188447112378	0.527784259794754	0.600493991625547
greenyellow	gwg	39	0.0314445465957601	0.191332787155019	0.1913643398678	0.84928644241101
greenyellow	egwg	39	0.132116504526594	0.808358655883242	0.810740113149078	0.422699378199071
greenyellow	ppwr	42	0.136475465757751	0.86856618960846	0.871298984592381	0.388790536971998
greenyellow	ppwr_e	42	0.054061742539693	0.342250170002143	0.342417234190302	0.733829735055421
greenyellow	low_income	43	-0.0868644927693092	-0.557609441712977	0.558314491724569	0.579666059990994
greenyellow	low_access	43	-0.012128211010368	-0.0776622498973403	0.0776641540334608	0.938472996060046
greenyellow	SPL_SVM	43	-0.0153006767848166	-0.0979797808860742	0.0979836045469653	0.922422775511802
greenyellow	RPL_SVM	43	-0.0341151726381122	-0.218528492875766	0.218570917147588	0.828068661795996
greenyellow	SPL_EBM	43	-0.141465088474265	-0.911934671091736	0.91502067531679	0.36553116214674
greenyellow	RPL_EBM	43	-0.129601363083346	-0.834547238356747	0.83691199539945	0.407493824396791
greenyellow	F_HVM	43	0.12545746574676	0.807574631964571	0.809717316827502	0.422777312067803
greenyellow	RPL_HVM	43	0.12545746574676	0.807574631964571	0.809717316827502	0.422777312067803
greenyellow	epds_mth6	42	0.04170613254523	0.263925837855251	0.264002445533347	0.793133479576186
greenyellow	epds_3a_mth6	42	-0.018649932317635	-0.117966206933286	0.117973047138938	0.906679445129476
greenyellow	sleep_mth6	42	0.146928311361283	0.936031111368379	0.939451970838734	0.353137455678691
greenyellow	reap_mth6	42	0.0897480520934767	0.569147924237543	0.569916417521193	0.571921675285116
greenyellow	KCAL_mth6	24	-0.0227935874636856	-0.106929922824908	0.106939185471935	0.915806435237073
greenyellow	HEI2015_TOTAL_SCORE_mth6	24	-0.0368726907257162	-0.173026693565139	0.17306593952407	0.86418200554816
greenyellow	ppaq_total_mth6	42	-0.253954195715595	-1.64207653983049	1.66058765691578	0.10461651190165
greenyellow	PM2.5_7Days_mth6	21	0.0898871149346806	0.392869227404244	0.393401354758492	0.698402638924021
greenyellow	PM2.5_30Days_mth6	20	0.0113777049101	0.0482735968901481	0.0482746385070879	0.962028977044641
greenyellow	PM2.5_90Days_mth6	20	0.123950845000283	0.528597168515849	0.529965804059486	0.602612308899066
greenyellow	EH_7Days_mth6	36	-0.0377495447718822	-0.220220426165608	0.220272783026761	0.826976029570954
greenyellow	EH_30Days_mth6	36	-0.00373227864678743	-0.0217628382993666	0.0217628888255786	0.982764319531436
greenyellow	EH_90Days_mth6	36	0.0477288888647131	0.278516474785622	0.278622393339763	0.782222258985535
greenyellow	weight_mth6	42	0.272079944154385	1.76523829443086	1.78824689660148	0.0813128320224083
greenyellow	postpart_epds_bbmr	11	0.062358613252234	0.187318894588935	0.187440635250616	0.855472824158538
greenyellow	infant_apgar1_bbmr	28	-0.0125728852428412	-0.0641127655985194	0.0641144549202482	0.94936949558583
greenyellow	infant_apgar5_bbmr	28	0.046606792168987	0.237821240479148	0.237907473690313	0.813817765940819
greenyellow	infant_weight_bbmr	23	0.174335672600663	0.807150994024997	0.811330909058002	0.426276335718625
greenyellow	breastfeeding	42	-0.124558939409213	-0.791892370670262	0.793963120610946	0.431902075783996
greenyellow	feeding_mth6	42	0.161409300614936	1.02984858377354	1.03440564252636	0.307160147768996
greenyellow	ex_feeding_mth6	42	-0.161409300614936	-1.02984858377354	1.03440564252636	0.307160147768996
darkgreen	MEmidnightblue	43	-0.234283883427129	-1.52853695646517	1.54309590711625	0.130491585882696
darkgreen	MEblack	43	-0.0779735484323026	-0.50028986676397	0.500799036487705	0.61919057027772
darkgreen	MEmagenta	43	-0.161812394300161	-1.0452925035687	1.04994147708525	0.299894626922625
darkgreen	MEpurple	43	-0.110383071933808	-0.709688329757352	0.711142230073017	0.481022535772723
darkgreen	MEtan	43	-0.0833425696288327	-0.534893584002635	0.535515910925631	0.595186304203829
darkgreen	MElightgreen	43	0.185182993775935	1.19958982371254	1.20661933806503	0.23449493416994
darkgreen	MEturquoise	43	-0.00953871786341923	-0.0610794480716425	0.0610803743727449	0.951591979549626
darkgreen	MEpink	43	-0.136499007144755	-0.87950984522898	0.882278040270114	0.382770091771845
darkgreen	MEsalmon	43	-0.203114311014984	-1.31890749834871	1.32825357103396	0.191441079678236
darkgreen	MEbrown	43	-0.135759725544187	-0.874686755394364	0.877409630622809	0.385376758891381
darkgreen	MEyellow	43	-0.125442047275083	-0.807474327011485	0.809616213152765	0.422834774967257
darkgreen	MEroyalblue	43	0.0719585821203513	0.461557498305451	0.461957309687626	0.646553915504935
darkgreen	MEgrey60	43	0.240830489117664	1.57296299585832	1.58883130772253	0.119781229215298
darkgreen	MEred	43	0.164772233106192	1.0647639284048	1.06967781707865	0.29102156942437
darkgreen	MEcyan	43	0.0972723947996565	0.624822900448643	0.62581497080906	0.534904780687463
darkgreen	MElightyellow	43	0.0740855831649009	0.475249966836661	0.475686433220852	0.636822608253503
darkgreen	MEblue	43	0.00318646982478509	0.0204034312231414	0.0204034657514051	0.983820493782497
darkgreen	MEgreen	43	-0.0709333480314128	-0.454959114852294	0.455342020374352	0.651265499365956
darkgreen	MElightcyan	43	-0.0884618396968346	-0.56791666405854	0.568661549606078	0.572687756339317
darkgreen	MEdarkred	43	-0.0883833568071982	-0.567410168300025	0.568153062127811	0.573029724409594
darkgreen	MEgreenyellow	43	0.14711214594013	0.948862393935104	0.952338967544406	0.34650602860544
darkgreen	MEgrey	43	-0.108741233887575	-0.699047705644041	0.700437159553182	0.487610339592457
darkgreen	group	43	0.0530247557706803	0.339842841526733	0.340002414905239	0.735590490686601
darkgreen	age	43	0.112435573770407	0.722995933392943	0.724533200380163	0.472853065008659
darkgreen	White_vs_nonwhite	43	-0.058101147509087	-0.372448340445226	0.372658397122675	0.711322288954124
darkgreen	apo	43	0.11860103868344	0.7630082483182	0.76481525985565	0.448761523219251
darkgreen	apo_hdp	14	0.200308010767673	0.703397677424926	0.708241247223803	0.492324099748244
darkgreen	apo_gdm	14	0.218893456349902	0.770740375200908	0.777115177534191	0.45213874983766
darkgreen	apo_other	14	-0.237039085556241	-0.837046747737048	0.845216039722365	0.414525264499062
darkgreen	preterm	43	-0.0617909221724544	-0.396159660583691	0.396412449929679	0.693856502874136
darkgreen	bmi	43	0.0678148487983367	0.434894393453624	0.43522883212474	0.665678938798185
darkgreen	gwg	39	-0.070604181850126	-0.430184240262227	0.430542930139889	0.669298434771902
darkgreen	egwg	39	0.0500484987724267	0.304687702406115	0.304815130822578	0.762215002784454
darkgreen	ppwr	42	-0.225201414664926	-1.44913721424343	1.46185048327594	0.151594660550609
darkgreen	ppwr_e	42	-0.160805249301349	-1.02592642591212	1.03043157090001	0.308998067473738
darkgreen	low_income	43	0.0865841418009899	0.555800716000545	0.556498925585906	0.580894774770464
darkgreen	low_access	43	0.0452867419156985	0.290175115719029	0.290274447903679	0.77306943735638
darkgreen	SPL_SVM	43	0.00389932292743474	0.0249679756904352	0.0249680389629684	0.980201586141154
darkgreen	RPL_SVM	43	0.0159274480732172	0.101994054121284	0.101998367275303	0.919255192450486
darkgreen	SPL_EBM	43	-0.263908356830857	-1.73079471506797	1.75194849658422	0.0872599136164781
darkgreen	RPL_EBM	43	-0.260453668232786	-1.70704108625308	1.72733379457881	0.0916351582810154
darkgreen	F_HVM	43	0.159032925229268	1.02702508492111	1.03143435468617	0.308383412587051
darkgreen	RPL_HVM	43	0.159032925229268	1.02702508492111	1.03143435468617	0.308383412587051
darkgreen	epds_mth6	42	-0.238636723180846	-1.53894147715134	1.55417290714262	0.128020573485478
darkgreen	epds_3a_mth6	42	-0.339851728357168	-2.23841752248756	2.28544283493346	0.0276633854460178
darkgreen	sleep_mth6	42	0.0993195117200667	0.63022949706452	0.631273016530287	0.531453067515033
darkgreen	reap_mth6	42	-0.169985645655258	-1.08562182359151	1.09096087671071	0.281818318837434
darkgreen	KCAL_mth6	24	0.0286194726664015	0.134273893737787	0.134292234552075	0.894392482895171
darkgreen	HEI2015_TOTAL_SCORE_mth6	24	0.557410491952988	2.95059294218259	3.14908493421593	0.00465761644811131
darkgreen	ppaq_total_mth6	42	-0.249038758020148	-1.60888939453397	1.62629833917688	0.111739950629824
darkgreen	PM2.5_7Days_mth6	21	0.106179451283538	0.464576669004792	0.465456732490399	0.646895295061531
darkgreen	PM2.5_30Days_mth6	20	0.0763593558380531	0.324597175658471	0.324913940929583	0.74899213481109
darkgreen	PM2.5_90Days_mth6	20	0.082311171327497	0.35000860882789	0.350405763988916	0.730101324205776
darkgreen	EH_7Days_mth6	36	-0.034455872858986	-0.200990101295871	0.201029904647207	0.841873002671006
darkgreen	EH_30Days_mth6	36	0.0631255855633426	0.368572341282812	0.368817826201598	0.714550307841678
darkgreen	EH_90Days_mth6	36	0.0959121412626317	0.560983510490434	0.561849317521567	0.577904015014961
darkgreen	weight_mth6	42	-0.0363484991860408	-0.229989417990767	0.230040110178665	0.819232996087357
darkgreen	postpart_epds_bbmr	11	-0.63819839883747	-2.26538457178844	2.48690086946348	0.0345974865344122
darkgreen	infant_apgar1_bbmr	28	0.250792296852549	1.30666508974262	1.32101318072061	0.19800605866818
darkgreen	infant_apgar5_bbmr	28	0.364289943989821	1.94692499820976	1.99457778295009	0.0566720157364965
darkgreen	infant_weight_bbmr	23	0.137060286625677	0.632067066044424	0.634073071164526	0.532879868822393
darkgreen	breastfeeding	42	-0.0232008699113872	-0.14676152196396	0.146774693519629	0.884047133250237
darkgreen	feeding_mth6	42	0.0882169090481768	0.559386836234805	0.560116453922695	0.57852367376688
darkgreen	ex_feeding_mth6	42	-0.0882169090481768	-0.559386836234805	0.560116453922695	0.57852367376688
saddlebrown	MEmidnightblue	43	-0.231086244404354	-1.50689003913192	1.52083804540812	0.135975932586551
saddlebrown	MEblack	43	-0.139645468981021	-0.900048599169906	0.903015423338654	0.371792724256105
saddlebrown	MEmagenta	43	-0.0235513648386102	-0.150830205983884	0.150844154946625	0.880838375385165
saddlebrown	MEpurple	43	-0.138865871946127	-0.894958025087909	0.897874760860857	0.374494901771631
saddlebrown	MEtan	43	-0.023474398651042	-0.150337109311299	0.150350921911743	0.881225010058954
saddlebrown	MElightgreen	43	0.0209162644683156	0.133948976037542	0.133958745993135	0.894090605532953
saddlebrown	MEturquoise	43	-0.0225752874674557	-0.144576934592064	0.144589219530953	0.885743633144738
saddlebrown	MEpink	43	-0.17764494689792	-1.14967991821164	1.15586714086559	0.254426852045636
saddlebrown	MEsalmon	43	-0.0330395592221054	-0.211633432109975	0.211671965874521	0.833411673938852
saddlebrown	MEbrown	43	-0.154941590602569	-1.00016577201231	1.0042377989679	0.321154305734384
saddlebrown	MEyellow	43	-0.171070619235937	-1.10626362239609	1.11177536506112	0.272711675386086
saddlebrown	MEroyalblue	43	0.0307653014213688	0.197056234392712	0.197087341240014	0.844732984729223
saddlebrown	MEgrey60	43	0.379162850317433	2.55536892213313	2.6237417402374	0.0121593932915145
saddlebrown	MEred	43	0.235105440588487	1.53410413863824	1.54882305364255	0.12910957459829
saddlebrown	MEcyan	43	0.288656484263589	1.90236824918117	1.93047852985956	0.0604837960286353
saddlebrown	MElightyellow	43	0.119156154084725	0.766613673601837	0.768446434587814	0.44662586244713
saddlebrown	MEblue	43	-0.0888381938927108	-0.570345595308382	0.571100081770677	0.571049191845907
saddlebrown	MEgreen	43	-0.0927219310453537	-0.595420320674379	0.596278787691993	0.554267093042728
saddlebrown	MElightcyan	43	-0.0849041510951037	-0.544963850900913	0.545622001481516	0.588282263634449
saddlebrown	MEdarkred	43	-0.110096683985568	-0.707831992377465	0.709274508944937	0.482168283845986
saddlebrown	MEgreenyellow	43	0.011936621492629	0.0764353007723956	0.0764371160787326	0.939443125420393
saddlebrown	MEgrey	43	-0.0232933804614802	-0.149177393211066	0.149190888609799	0.882134450539384
saddlebrown	group	43	0.123386357535181	0.79410453562853	0.796141727340132	0.430535445115065
saddlebrown	age	43	-0.135152121321288	-0.870723470365704	0.873409477606825	0.387526937335683
saddlebrown	White_vs_nonwhite	43	-0.0752489650970655	-0.482741010829895	0.483198447421744	0.631525258927184
saddlebrown	apo	43	-0.135590999899527	-0.873586123918216	0.876298727005653	0.385973136864858
saddlebrown	apo_hdp	14	-0.193857028325334	-0.680147659020534	0.684526046488595	0.506648908684829
saddlebrown	apo_gdm	14	0.264242843696618	0.937608579593466	0.94909865516341	0.361293740293414
saddlebrown	apo_other	14	0.10378547567975	0.360822701197028	0.361475507971872	0.724028508934448
saddlebrown	preterm	43	-0.204076549054374	-1.32533526670602	1.33481884877367	0.189300923931491
saddlebrown	bmi	43	0.00450285635710426	0.028832543545722	0.0288326409805455	0.977137960318763
saddlebrown	gwg	39	-0.0565410955830318	-0.34429326079246	0.344477127101888	0.732437838613597
saddlebrown	egwg	39	-0.0525104590580571	-0.319702713093003	0.319849926029652	0.750881274010437
saddlebrown	ppwr	42	-0.120204679077368	-0.76393483486049	0.765793813975394	0.448294488499855
saddlebrown	ppwr_e	42	-0.0683124765265984	-0.432719986111654	0.433057670724237	0.667299167939614
saddlebrown	low_income	43	0.359319870109439	2.40824525835118	2.46542447045436	0.0179608678368466
saddlebrown	low_access	43	-0.095364360227416	-0.612491109290886	0.61342557408721	0.542983369071271
saddlebrown	SPL_SVM	43	0.364577512136006	2.44698604513889	2.50698312169707	0.0162334526855097
saddlebrown	RPL_SVM	43	0.371155169600094	2.49569553125026	2.55936597560121	0.0142721266635733
saddlebrown	SPL_EBM	43	0.175298531796093	1.1341725892734	1.14011255027157	0.260856095118538
saddlebrown	RPL_EBM	43	0.168046177284015	1.08632447637696	1.09154325145691	0.281406977625945
saddlebrown	F_HVM	43	0.228585706574437	1.48998581553575	1.50346883068464	0.140382655186021
saddlebrown	RPL_HVM	43	0.228585706574437	1.48998581553575	1.50346883068464	0.140382655186021
saddlebrown	epds_mth6	42	0.124680133131249	0.792670958563186	0.794747825592466	0.431450653372338
saddlebrown	epds_3a_mth6	42	0.0337528464970236	0.213552866573203	0.213593448226104	0.831949110316321
saddlebrown	sleep_mth6	42	-0.171155147316155	-1.09324004915186	1.09869240454364	0.278471584640563
saddlebrown	reap_mth6	42	0.200258097714427	1.28389371281614	1.29273001959607	0.203521943551824
saddlebrown	KCAL_mth6	24	0.0621539225869136	0.29190401182362	0.292092476673508	0.772952676301717
saddlebrown	HEI2015_TOTAL_SCORE_mth6	24	0.307665868407216	1.4913888887428	1.5166465952412	0.143594564948584
saddlebrown	ppaq_total_mth6	42	0.132165938709387	0.840809513911348	0.843288450331415	0.404081897181839
saddlebrown	PM2.5_7Days_mth6	21	0.439605304943956	2.0562733366783	2.13339365069957	0.0461490081202306
saddlebrown	PM2.5_30Days_mth6	20	0.10926512826316	0.465430852197702	0.466364973071628	0.64654878149573
saddlebrown	PM2.5_90Days_mth6	20	0.243398209218843	1.05380050597622	1.06466954196311	0.301099789884585
saddlebrown	EH_7Days_mth6	36	-0.0247177481584222	-0.144157363712976	0.14417204937738	0.886215794510003
saddlebrown	EH_30Days_mth6	36	0.0820033219611862	0.479233567873773	0.479773275062466	0.634460681856443
saddlebrown	EH_90Days_mth6	36	0.0124543958834261	0.0726247384198615	0.072626616123054	0.942528817833124
saddlebrown	weight_mth6	42	-0.0286307164111154	-0.181126051382709	0.18115081130779	0.857163999769891
saddlebrown	postpart_epds_bbmr	11	-0.227150784443941	-0.693549540407715	0.699743939589559	0.501771502660106
saddlebrown	infant_apgar1_bbmr	28	-0.0882916705879939	-0.451376288511791	0.451966030139332	0.65504155187946
saddlebrown	infant_apgar5_bbmr	28	0.109097963080558	0.558515605606679	0.559633091015654	0.580519443796258
saddlebrown	infant_weight_bbmr	23	0.170176268830599	0.787507309875457	0.791389121787091	0.437564815767437
saddlebrown	breastfeeding	42	-0.0485152534451914	-0.307078482294589	0.307199149180674	0.760285508581146
saddlebrown	feeding_mth6	42	0.298440558608248	1.94674120552349	1.97762783742318	0.0548894330776873
saddlebrown	ex_feeding_mth6	42	-0.298440558608248	-1.94674120552349	1.97762783742318	0.0548894330776873
cyan	MEmidnightblue	43	-0.134724055557075	-0.867931678296638	0.870591916186009	0.389045987523031
cyan	MEblack	43	-0.0792427852018652	-0.50846748007843	0.509002033812449	0.613479294854566
cyan	MEmagenta	43	-0.0857142584766794	-0.550189096971468	0.550866365902536	0.584714727600382
cyan	MEpurple	43	-0.226346161903279	-1.47486327337902	1.487939190533	0.144418419995483
cyan	MEtan	43	0.0282361657627493	0.180847749752007	0.180871794572696	0.85735935057591
cyan	MElightgreen	43	0.0824450502062257	0.529106892658259	0.529709235037934	0.599170445351073
cyan	MEturquoise	43	-0.252844015546609	-1.65487939280851	1.67336417223703	0.101869843807645
cyan	MEpink	43	0.246146153798241	1.60914507499081	1.62613618611952	0.111583601325984
cyan	MEsalmon	43	0.282604596410745	1.86017473521586	1.88645069425983	0.0663303640960345
cyan	MEbrown	43	-0.0566870989215932	-0.363364085817684	0.363559142495031	0.718055223553642
cyan	MEyellow	43	-0.11667535646775	-0.750504830146296	0.752224415270941	0.456213168956666
cyan	MEroyalblue	43	0.0889219718935234	0.570886307705308	0.571642942629805	0.570684733251096
cyan	MEgrey60	43	0.00746190328710118	0.0477803806120601	0.0477808240316915	0.962122913016146
cyan	MEred	43	0.126425543359519	0.813873257873528	0.816066497288692	0.419178224675729
cyan	MEcyan	43	-0.0492104480357098	-0.315355339150232	0.315482841482343	0.753995357678099
cyan	MElightyellow	43	0.0520299139769498	0.333455120898677	0.333605863483207	0.740377220665488
cyan	MEblue	43	-0.0735156504536392	-0.47158063162987	0.472007064383217	0.639424302027546
cyan	MEgreen	43	0.13212033203952	0.850957537999557	0.853464640398505	0.398360566533342
cyan	MElightcyan	43	0.233210519282164	1.52126684930605	1.53561866030656	0.13231379466804
cyan	MEdarkred	43	0.062716275763822	0.402107867362151	0.402372216707488	0.689500312544823
cyan	MEgreenyellow	43	-0.256527704405338	-1.68010265042082	1.69944758316113	0.0968112104793061
cyan	MEgrey	43	0.0105792253793655	0.0677426217669378	0.0677438854941148	0.946318811158665
cyan	group	43	0.199495761824537	1.29475885470378	1.30360022106075	0.199642550935835
cyan	age	43	-0.331403980810211	-2.20526566292585	2.24912105081084	0.0299398401515043
cyan	White_vs_nonwhite	43	-0.151925312623047	-0.980386513099107	0.984221517958826	0.330779308620825
cyan	apo	43	-0.0620915118061368	-0.398091786382217	0.398348292942941	0.692440371898534
cyan	apo_hdp	14	-0.0856967835080869	-0.297592298224788	0.297958476707666	0.770830695415885
cyan	apo_gdm	14	-0.168925089452629	-0.590837072204205	0.593705886196766	0.563733052657903
cyan	apo_other	14	0.205431496090697	0.721907803951219	0.727144480123363	0.481083357801951
cyan	preterm	43	-0.00523163161956172	-0.0334990928498152	0.033499245664337	0.973439025011819
cyan	bmi	43	0.132275083241437	0.851966054239181	0.854482086387886	0.397803370658057
cyan	gwg	39	0.241017841837035	1.49547421202843	1.51058531795731	0.139388120548365
cyan	egwg	39	0.281051555029776	1.75684444632637	1.78137222371188	0.0830621501807636
cyan	ppwr	42	0.0738391997510222	0.467851621232594	0.468278428690514	0.642127290095302
cyan	ppwr_e	42	0.0569377571203648	0.36049589694546	0.360691133118388	0.72022825904259
cyan	low_income	43	-0.0237512081234759	-0.152110543568696	0.15212485078365	0.879834603451631
cyan	low_access	43	-0.0773575765288048	-0.496321786791894	0.496818934425773	0.621970329499628
cyan	SPL_SVM	43	-0.100489921570489	-0.645628569845744	0.646723115494236	0.521415426673707
cyan	RPL_SVM	43	-0.118993096309235	-0.765554577732119	0.767379749580851	0.44725260603485
cyan	SPL_EBM	43	-0.183034754896537	-1.18535176260776	1.19213365304943	0.240063363045986
cyan	RPL_EBM	43	-0.196095556151264	-1.27210042128828	1.28048509382534	0.207571480932126
cyan	F_HVM	43	-0.0848525420187389	-0.544630993557714	0.545287938612908	0.588509866496357
cyan	RPL_HVM	43	-0.0848525420187389	-0.544630993557714	0.545287938612908	0.588509866496357
cyan	epds_mth6	42	-0.0342493796309428	-0.21669685259776	0.216739253203442	0.829513212399398
cyan	epds_3a_mth6	42	-0.102654560132773	-0.651539543797351	0.652692576282683	0.517688317944964
cyan	sleep_mth6	42	0.0619861468331727	0.392538078282632	0.39279014632141	0.696559991440241
cyan	reap_mth6	42	-0.23443083665977	-1.51076461845077	1.52517309742941	0.13508453896495
cyan	KCAL_mth6	24	-0.170350888976161	-0.806882922856709	0.810868582744441	0.426126736619657
cyan	HEI2015_TOTAL_SCORE_mth6	24	-0.032249023837575	-0.151313799629506	0.151340046907955	0.881086661934499
cyan	ppaq_total_mth6	42	-0.244971607500516	-1.58149505723715	1.59802799213823	0.117907421828402
cyan	PM2.5_7Days_mth6	21	0.204469685971789	0.904004475824671	0.910498902715248	0.373966343428289
cyan	PM2.5_30Days_mth6	20	0.139269875553868	0.594737328176481	0.596687076413607	0.558147223647643
cyan	PM2.5_90Days_mth6	20	0.0585318959172397	0.248613978704933	0.248756286090655	0.806365442736726
cyan	EH_7Days_mth6	36	-0.107824816879798	-0.631175004120291	0.632408318052559	0.531350314121455
cyan	EH_30Days_mth6	36	0.049039763372657	0.286178058185347	0.286292961123898	0.776391024239064
cyan	EH_90Days_mth6	36	0.0215656878321663	0.125767988092786	0.125777740016055	0.900648680845588
cyan	weight_mth6	42	0.20216159393859	1.29644044386677	1.30553871458317	0.199168935118843
cyan	postpart_epds_bbmr	11	0.257480961482923	0.790225875655348	0.799395816021498	0.444645662775932
cyan	infant_apgar1_bbmr	28	-0.304809247599795	-1.6052372906899	1.63188408396293	0.114758751276696
cyan	infant_apgar5_bbmr	28	-0.145491616179982	-0.747166644040142	0.749843309301663	0.4600808753669
cyan	infant_weight_bbmr	23	-0.204259920842217	-0.949390273227879	0.956196333012225	0.349852146946144
cyan	breastfeeding	42	-0.0285920349018367	-0.180881207605607	0.180905867253221	0.857354985886392
cyan	feeding_mth6	42	0.0954510358811709	0.605528817061785	0.606454350800762	0.547639770272288
cyan	ex_feeding_mth6	42	-0.0954510358811709	-0.605528817061784	0.606454350800762	0.547639770272288
darkmagenta	MEmidnightblue	43	-0.076236719634926	-0.48910222050206	0.489577983315283	0.627041856599964
darkmagenta	MEblack	43	-0.106084147254547	-0.681835453099226	0.683124740833631	0.498370306674611
darkmagenta	MEmagenta	43	-0.102514419283485	-0.658726630143097	0.659889176739493	0.513015099412418
darkmagenta	MEpurple	43	-0.0916811935715246	-0.588699211695084	0.589528926434398	0.558741373028772
darkmagenta	MEtan	43	-0.101271436202948	-0.650684155647287	0.651804624592058	0.518164600347019
darkmagenta	MElightgreen	43	-0.103401496461174	-0.664467551638645	0.6656607703699	0.509355829621126
darkmagenta	MEturquoise	43	-0.0490197129968443	-0.314131085740551	0.314257108766022	0.754919333956474
darkmagenta	MEpink	43	0.245086822099776	1.60192656744967	1.61868956637015	0.113182274529715
darkmagenta	MEsalmon	43	0.252426578134046	1.65202426155066	1.6704133199542	0.102455633374596
darkmagenta	MEbrown	43	0.232638057759268	1.51739102925143	1.53163322013083	0.133293366226791
darkmagenta	MEyellow	43	0.157882829056222	1.01947120573339	1.02378381608763	0.311940235953942
darkmagenta	MEroyalblue	43	0.0420006083078355	0.269093419059749	0.269172634980446	0.789146838347236
darkmagenta	MEgrey60	43	-0.0375920793486785	-0.24082023672452	0.240877013999551	0.810850943635725
darkmagenta	MEred	43	-0.00428479565816697	-0.0274362468370969	0.0274363307907106	0.978244833805345
darkmagenta	MEcyan	43	0.0152717815391255	0.0977947177945593	0.0977985198299182	0.922568835544646
darkmagenta	MElightyellow	43	0.0765441630067363	0.491082373807373	0.491563939630571	0.625649068337499
darkmagenta	MEblue	43	-0.115203917238763	-0.740954646576477	0.742609389523268	0.461951912587351
darkmagenta	MEgreen	43	-0.00569638947000875	-0.036475084009564	0.0364752812765911	0.971080405669824
darkmagenta	MElightcyan	43	0.0320968248057239	0.205590576490341	0.20562590268778	0.838100729952743
darkmagenta	MEdarkred	43	-0.239077660547737	-1.56105370002835	1.57656359916238	0.122581580045133
darkmagenta	MEgreenyellow	43	-0.133480201257537	-0.859821271018272	0.862407583458299	0.393479731404179
darkmagenta	MEgrey	43	-0.0684404955799395	-0.438919168166433	0.439262979799689	0.662777489743691
darkmagenta	group	43	0.253021201686446	1.65609148089891	1.67461699731632	0.101621976069068
darkmagenta	age	43	-0.10698064870352	-0.687641760324994	0.688964279734929	0.494726358640084
darkmagenta	White_vs_nonwhite	43	-0.094988244198581	-0.610060776360748	0.610984158167888	0.544582713397102
darkmagenta	apo	43	-0.0334607257812071	-0.214333198738967	0.21437322615542	0.831318670741214
darkmagenta	apo_hdp	14	-0.299902554594301	-1.07183642683151	1.08902072055552	0.297532086323045
darkmagenta	apo_gdm	14	-0.0755544796688984	-0.26222813153011	0.262478644246381	0.79740429653672
darkmagenta	apo_other	14	-0.0100188623756288	-0.0347075186541911	0.0347080993388875	0.972883163210688
darkmagenta	preterm	43	0.0306163839287625	0.196101798174626	0.196132455198223	0.845475403787449
darkmagenta	bmi	43	0.0234304066886971	0.15005526829407	0.150069003354083	0.881446013090137
darkmagenta	gwg	39	0.211673802162907	1.30732566079928	1.31741357482126	0.195800198631829
darkmagenta	egwg	39	0.21692383535147	1.34079762351731	1.35168170347666	0.1846833472761
darkmagenta	ppwr	42	0.125841417131531	0.800132640094203	0.802268743457256	0.427138463310472
darkmagenta	ppwr_e	42	-0.0169657984516938	-0.107311427765429	0.107316576884435	0.915074306295028
darkmagenta	low_income	43	0.113669685364418	0.731000408695583	0.732589324044565	0.467976632535398
darkmagenta	low_access	43	-0.0936207421737019	-0.601225918199458	0.602109749584807	0.550416612562744
darkmagenta	SPL_SVM	43	0.0551363546605473	0.353403337124956	0.353582786924844	0.72546332652493
darkmagenta	RPL_SVM	43	0.0387684959182364	0.248363975817177	0.248426257935178	0.805044768400055
darkmagenta	SPL_EBM	43	0.097371929825637	0.625466329894976	0.626461469228265	0.534484958690764
darkmagenta	RPL_EBM	43	0.0920779496557211	0.59126131917045	0.592101917354488	0.557033670343497
darkmagenta	F_HVM	43	0.0361184143530281	0.231371340430747	0.231421693034516	0.818138307168343
darkmagenta	RPL_HVM	43	0.0361184143530281	0.231371340430747	0.231421693034516	0.818138307168343
darkmagenta	epds_mth6	42	-0.204544295321953	-1.31216002189207	1.32159375980278	0.193812837396361
darkmagenta	epds_3a_mth6	42	-0.184863854227424	-1.18278040987793	1.18968695018834	0.241183295769135
darkmagenta	sleep_mth6	42	0.285613370618761	1.85804968535601	1.88489291115717	0.0667241081472896
darkmagenta	reap_mth6	42	0.165805170397443	1.05841520866005	1.06336247278601	0.293995246458503
darkmagenta	KCAL_mth6	24	0.00336685438832901	0.0157920065554232	0.0157920363912631	0.9875426445406
darkmagenta	HEI2015_TOTAL_SCORE_mth6	24	0.309946401963128	1.50321311976337	1.52907843743729	0.140497086922909
darkmagenta	ppaq_total_mth6	42	-0.133362472626391	-0.848512841270433	0.851060579821276	0.399801952220731
darkmagenta	PM2.5_7Days_mth6	21	0.00165222587813314	0.00720189218805247	0.00720189546474023	0.994328849777836
darkmagenta	PM2.5_30Days_mth6	20	0.0032489307588694	0.01378409432692	0.0137841185768885	0.989153845939077
darkmagenta	PM2.5_90Days_mth6	20	0.150073739650374	0.641554618606395	0.644002405880774	0.52769544581877
darkmagenta	EH_7Days_mth6	36	0.111749999004225	0.654341819457097	0.655716042778622	0.516419718262652
darkmagenta	EH_30Days_mth6	36	0.148614266382521	0.87302822907284	0.87629366719678	0.387019829301419
darkmagenta	EH_90Days_mth6	36	0.0748470632653845	0.437247347347591	0.437657243164244	0.664402507219863
darkmagenta	weight_mth6	42	0.132165159603163	0.840804498808456	0.843283390844972	0.4040846925711
darkmagenta	postpart_epds_bbmr	11	0.0424326884973623	0.12737454959457	0.127412822670688	0.901415058482913
darkmagenta	infant_apgar1_bbmr	28	-0.293607141034697	-1.54250002916793	1.56613406450701	0.129408641055899
darkmagenta	infant_apgar5_bbmr	28	0.00884415489514183	0.0450976942494139	0.0450982821990339	0.964373568126504
darkmagenta	infant_weight_bbmr	23	0.0700056115021291	0.321331627368427	0.32159501576774	0.750938606825863
darkmagenta	breastfeeding	42	0.2043003386786	1.31054981655665	1.31994881787765	0.194356506946139
darkmagenta	feeding_mth6	42	0.207196340908003	1.32967538960798	1.33949253923754	0.187971818260584
darkmagenta	ex_feeding_mth6	42	-0.207196340908003	-1.32967538960798	1.33949253923754	0.187971818260584
blue	MEmidnightblue	43	-0.20816244182873	-1.35265863035742	1.36274183348649	0.180402446023331
blue	MEblack	43	-0.1873267518211	-1.2138098854617	1.22109266541676	0.229026588089261
blue	MEmagenta	43	-0.130982331978136	-0.843542457822017	0.845984553016333	0.402471923079985
blue	MEpurple	43	-0.0696509218237086	-0.446706804831877	0.447069246635271	0.657177955180957
blue	MEtan	43	0.0529432412707078	0.339319424665664	0.339478261798359	0.735982332891012
blue	MElightgreen	43	0.0197056722619292	0.126194203672148	0.126202373098266	0.900188593916751
blue	MEturquoise	43	0.0267169892855397	0.171112922724417	0.171133289807189	0.864960771148425
blue	MEpink	43	0.0329752448299051	0.211221169911359	0.211259478914679	0.83373138720267
blue	MEsalmon	43	-0.0349925930901913	-0.224153441425929	0.224199226902264	0.823715810047286
blue	MEbrown	43	0.0404535337062253	0.259170440385518	0.259241211635708	0.796746381063833
blue	MEyellow	43	0.151404452314893	0.976972858050188	0.980767911447344	0.332459388609674
blue	MEroyalblue	43	-0.0853493589541419	-0.547835380909828	0.548503992769802	0.586320466441826
blue	MEgrey60	43	0.0115748738923976	0.0741186657668361	0.0741203209672304	0.941275099148315
blue	MEred	43	-0.115009985723707	-0.739696205129121	0.741342527373083	0.462711145402202
blue	MEcyan	43	0.00950919510709165	0.0608903930466549	0.060891310772978	0.951741628204692
blue	MElightyellow	43	-0.0468134817702785	-0.299971797574221	0.300081534762178	0.765631206614456
blue	MEblue	43	-0.148594484435289	-0.958566122779294	0.962150533407467	0.34161448550403
blue	MEgreen	43	-0.115005852435467	-0.739669384418259	0.741315527506628	0.462727334321867
blue	MElightcyan	43	-0.0210348799560666	-0.134708820055078	0.134718757222341	0.893493434610728
blue	MEdarkred	43	0.00050932346557676	0.0032612617091298	0.00326126185013048	0.997413710906894
blue	MEgreenyellow	43	0.136766297118996	0.881253894912106	0.884038600877392	0.381830208652307
blue	MEgrey	43	0.00574000879172239	0.0367543930784851	0.0367545949120432	0.970859052315283
blue	group	43	0.149012640849188	0.961304259484372	0.964919497636493	0.340242351614076
blue	age	43	0.0634344435528628	0.406724753426111	0.40699831451247	0.686126277227943
blue	White_vs_nonwhite	43	-0.0894470157542607	-0.5742751835473	0.575045376793485	0.568403073193765
blue	apo	43	0.171493318025658	1.1090520199573	1.11460558753529	0.271510667301198
blue	apo_hdp	14	0.210019501632741	0.738517878524468	0.744124967405207	0.471121640103292
blue	apo_gdm	14	-0.14244023889969	-0.496805770329187	0.498510572600925	0.627135802545406
blue	apo_other	14	0.122295102956708	0.42577383391755	0.42684666771208	0.67704899298986
blue	preterm	43	0.122725799229312	0.789809865236152	0.791814166177537	0.433026445557161
blue	bmi	43	-0.273706154015444	-1.79841823275543	1.82215654295455	0.0757310446855607
blue	gwg	39	-0.055770680605106	-0.339592184428482	0.339768620657186	0.735952038077763
blue	egwg	39	-0.0623505738213096	-0.379756358247368	0.380003102374457	0.7061157708475
blue	ppwr	42	-0.218893213817601	-1.40717135382125	1.41881005723755	0.163699787981429
blue	ppwr_e	42	-0.0875926636075142	-0.555408015933657	0.556122171211157	0.58122515157073
blue	low_income	43	-0.240895237161323	-1.57340311935514	1.58928478188002	0.119678718503176
blue	low_access	43	0.0855382941545853	0.549054053574359	0.549727138493144	0.585488812063596
blue	SPL_SVM	43	0.0241015881350979	0.154355355429563	0.154370305478627	0.878075165958741
blue	RPL_SVM	43	0.0220972695392488	0.141514598523548	0.141526119233166	0.888147453193556
blue	SPL_EBM	43	-0.0268469392169852	-0.171945605542694	0.171966271417507	0.864310067003326
blue	RPL_EBM	43	-0.00812831862648731	-0.0520477802850789	0.0520483534412402	0.958742932637204
blue	F_HVM	43	0.152504793527791	0.984185010430882	0.988064799588192	0.328916370161982
blue	RPL_HVM	43	0.152504793527791	0.984185010430882	0.988064799588192	0.328916370161982
blue	epds_mth6	42	-0.234294394278995	-1.5098515288548	1.52423384906099	0.135318453512297
blue	epds_3a_mth6	42	-0.37757833197303	-2.51231771582626	2.57891219662926	0.0136954617379277
blue	sleep_mth6	42	0.238630351418521	1.53889874517435	1.55412890389838	0.128031061916836
blue	reap_mth6	42	0.270710868501997	1.7558910199415	1.77853511781055	0.0829174230307087
blue	KCAL_mth6	24	0.0387293145053266	0.181747494811192	0.181792979368531	0.857409794504796
blue	HEI2015_TOTAL_SCORE_mth6	24	-0.0272456714908286	-0.127825162551213	0.127840985639715	0.899436207088997
blue	ppaq_total_mth6	42	-0.00984851119610397	-0.0622894678191784	0.062290474831364	0.950641738206872
blue	PM2.5_7Days_mth6	21	0.149348948348839	0.655902985984214	0.658381010716007	0.518192408394252
blue	PM2.5_30Days_mth6	20	0.178297445803771	0.764624316827977	0.768770283822056	0.451999418569241
blue	PM2.5_90Days_mth6	20	0.0215085200121111	0.0912669977307207	0.0912740370001231	0.928282937806365
blue	EH_7Days_mth6	36	-0.305763136209939	-1.84179281261348	1.87257208772908	0.0697480154845866
blue	EH_30Days_mth6	36	-0.100400266398607	-0.587408190628613	0.588402245127237	0.560151073648695
blue	EH_90Days_mth6	36	0.0217699595551011	0.126959646163857	0.126969677926252	0.89971234485342
blue	weight_mth6	42	-0.234308369836865	-1.50994505220808	1.52433005027016	0.135294480222053
blue	postpart_epds_bbmr	11	-0.210626425683529	-0.641480287187356	0.646379755678967	0.534167320117051
blue	infant_apgar1_bbmr	28	0.289541398476168	1.51984243803295	1.54244720852467	0.13504974959164
blue	infant_apgar5_bbmr	28	0.30890568706541	1.62829644587766	1.65611214086375	0.10972052091246
blue	infant_weight_bbmr	23	0.0298505052494431	0.136832851258675	0.136853185124119	0.89245040162933
blue	breastfeeding	42	0.0522710592768771	0.330892788048495	0.33104376480869	0.742339454760734
blue	feeding_mth6	42	0.436500735785074	2.95925741966076	3.06842401246442	0.00385262050180587
blue	ex_feeding_mth6	42	-0.436500735785074	-2.95925741966076	3.06842401246442	0.00385262050180587
white	MEmidnightblue	43	-0.136733761594453	-0.881041595791631	0.883824288417196	0.381944541779296
white	MEblack	43	-0.196864019402065	-1.27721856982479	1.28570498938626	0.205760558756869
white	MEmagenta	43	-0.154063888138469	-0.994408296430349	0.99841034924615	0.32393671649999
white	MEpurple	43	-0.0958688100544411	-0.615750967633667	0.616700437109911	0.540841858983386
white	MEtan	43	-0.070398315756837	-0.45151604311445	0.451890319497659	0.653729654058689
white	MElightgreen	43	-0.0933291132073831	-0.599342121895864	0.600217669052806	0.551664551690115
white	MEturquoise	43	-0.0800736655539672	-0.513821685264863	0.514373307810181	0.609752691470821
white	MEpink	43	0.180372033164724	1.1677198761704	1.17420327989006	0.24708900962529
white	MEsalmon	43	0.079673031604047	0.511239905158053	0.511783252510708	0.61154837674736
white	MEbrown	43	-0.0806736720700993	-0.517688581516053	0.518252754896308	0.607067625469921
white	MEyellow	43	-0.0266023460270136	-0.170378325590275	0.1703984314804	0.865534902722954
white	MEroyalblue	43	-0.184937503744723	-1.19796217807284	1.20496308424082	0.235126769173913
white	MEgrey60	43	-0.0630157588989	-0.404033103894557	0.40430126895966	0.688092578882278
white	MEred	43	-0.0428127793100644	-0.274303220106929	0.274387126965361	0.785164961031063
white	MEcyan	43	-0.00554682162364484	-0.0355173522389151	0.0355175343713564	0.971839428261322
white	MElightyellow	43	0.00942992231801167	0.0603827540079785	0.0603836489719966	0.952143464167043
white	MEblue	43	0.005066465270099	0.0324414841518956	0.0324416229449053	0.974277289626261
white	MEgreen	43	0.17509504069784	1.13282835053679	1.13874719416406	0.261418718605702
white	MElightcyan	43	0.250018620565051	1.63556714539456	1.65341091932897	0.105885221541398
white	MEdarkred	43	0.0654350315301446	0.419588177975878	0.419888528134412	0.676759172998639
white	MEgreenyellow	43	0.051058412955645	0.327217907633564	0.327360347904319	0.745061006959389
white	MEgrey	43	0.143640161075256	0.926150827327702	0.929383519334494	0.358130186272358
white	group	43	0.119593978085281	0.769457642836978	0.77131088688778	0.444945385934758
white	age	43	-0.306345708194593	-2.02663775598298	2.06064475731551	0.0457195480365523
white	White_vs_nonwhite	43	-0.222781994709654	-1.45082943409987	1.46327540308012	0.151016782963057
white	apo	43	0.273350018040736	1.79595343991017	1.81959402598216	0.0761279926644769
white	apo_hdp	14	-0.0246348792540727	-0.0853549944768215	0.0853636315679702	0.933380014685857
white	apo_gdm	14	-0.375879496423702	-1.36919478025644	1.40512459247738	0.185340096532297
white	apo_other	14	0.396313782187091	1.45238777764846	1.49531488253455	0.160659481567188
white	preterm	43	0.116336807202767	0.748307227594502	0.750011744370524	0.457530111320077
white	bmi	43	-0.265981149904604	-1.74506907209414	1.76675187744788	0.084713781474502
white	gwg	39	0.27394112105211	1.70998470382797	1.73259673724216	0.0914966399762506
white	egwg	39	0.238597156636967	1.47985131332221	1.49449284242318	0.143527272436732
white	ppwr	42	-0.088327770078012	-0.560093489195677	0.560825876200432	0.578044507082063
white	ppwr_e	42	-0.00630126825134236	-0.039853247120247	0.0398535108631345	0.96840817138806
white	low_income	43	-0.0489039377382323	-0.313387980959577	0.313513111672163	0.755480347973958
white	low_access	43	-0.0496621306364241	-0.318254604658647	0.318385656348222	0.751808629216621
white	SPL_SVM	43	0.0296147126954011	0.189682150007809	0.189709893641355	0.850472577567093
white	RPL_SVM	43	0.0286582407491102	0.183552537198789	0.183577677120037	0.855249665843022
white	SPL_EBM	43	-0.225863067054087	-1.47160329618271	1.48459254530282	0.145300092877359
white	RPL_EBM	43	-0.209884475095939	-1.36418878858686	1.37453244080868	0.176743174648157
white	F_HVM	43	-0.0708785577272499	-0.454606512967311	0.454988528752782	0.651517674652674
white	RPL_HVM	43	-0.0708785577272499	-0.454606512967311	0.454988528752782	0.651517674652674
white	epds_mth6	42	-0.29749605163598	-1.94018557595133	1.97076025260753	0.0556990101441799
white	epds_3a_mth6	42	-0.305477459005223	-1.99571186192206	2.02899652676285	0.0491506243132997
white	sleep_mth6	42	0.272197811340159	1.76604337595984	1.78908355531635	0.0811758300420945
white	reap_mth6	42	0.0635003741882779	0.402152745043297	0.402423795202477	0.689514724911716
white	KCAL_mth6	24	-0.390534357978722	-1.93447006177844	1.98978023339454	0.0591870600797884
white	HEI2015_TOTAL_SCORE_mth6	24	0.00588107829569775	0.0275850203542822	0.0275851793724506	0.978241706750328
white	ppaq_total_mth6	42	-0.0456796439193616	-0.289104631780896	0.289205324781016	0.773917947476226
white	PM2.5_7Days_mth6	21	-0.203800132526101	-0.900959053921631	0.907387973162795	0.375566875620212
white	PM2.5_30Days_mth6	20	-0.13176650796834	-0.562307492245359	0.563955196601397	0.579744110033641
white	PM2.5_90Days_mth6	20	-0.129500976571747	-0.552528776601194	0.554091957478654	0.586334547713061
white	EH_7Days_mth6	36	-0.0219292827303886	-0.127889095661377	0.127899349366587	0.898982135437976
white	EH_30Days_mth6	36	0.22818619342734	1.35438546737917	1.36659694338036	0.180721514330319
white	EH_90Days_mth6	36	0.108846028098432	0.637200355074822	0.638469342069352	0.527445813789001
white	weight_mth6	42	-0.27358693347467	-1.77553586582836	1.79895055260706	0.0795747374156537
white	postpart_epds_bbmr	11	-0.697381046059874	-2.58655101701858	2.91913148635384	0.0170559049362344
white	infant_apgar1_bbmr	28	-0.0087107793235875	-0.0444175572059834	0.0444181189533698	0.964910509176869
white	infant_apgar5_bbmr	28	0.185465841321747	0.956766575362219	0.962390738133608	0.34471924765849
white	infant_weight_bbmr	23	-0.398909171605575	-1.93545542016082	1.99351202400353	0.059355858045749
white	breastfeeding	42	-0.0179417740297585	-0.113485920755446	0.113492010817344	0.910208215626295
white	feeding_mth6	42	0.223685886520476	1.43904371054522	1.45149272131697	0.154441169682811
white	ex_feeding_mth6	42	-0.223685886520476	-1.43904371054522	1.45149272131697	0.154441169682811
paleturquoise	MEmidnightblue	43	0.037869158120131	0.242596935841251	0.242654979127977	0.809482513501627
paleturquoise	MEblack	43	-0.183099564618268	-1.1857811371895	1.19257040862162	0.239894069081767
paleturquoise	MEmagenta	43	-0.086149779629167	-0.552998538859769	0.553686238515382	0.582800800464897
paleturquoise	MEpurple	43	0.0580137986038342	0.371887142940835	0.372096251414518	0.711737575653989
paleturquoise	MEtan	43	-0.176586617072165	-1.1426838329183	1.14875867039839	0.257313439147442
paleturquoise	MElightgreen	43	-0.177298136519811	-1.14738703113688	1.15353726923781	0.255370375255817
paleturquoise	MEturquoise	43	0.107391488255461	0.690302991551997	0.691640931228732	0.493061041599957
paleturquoise	MEpink	43	-0.0830024593052	-0.53270064530423	0.533315347624842	0.596694703621458
paleturquoise	MEsalmon	43	-0.0452320907681298	-0.289824459341639	0.289923431828692	0.773336072941745
paleturquoise	MEbrown	43	0.0741006606516633	0.475347042784225	0.4757837767339	0.636753839149829
paleturquoise	MEyellow	43	0.089107463819977	0.57208352182874	0.572844928264474	0.569878169405948
paleturquoise	MEroyalblue	43	-0.0805162406559185	-0.516673937945034	0.517234799850549	0.607771648635528
paleturquoise	MEgrey60	43	0.0498408609565519	0.319401876847632	0.319534351050637	0.750943871561565
paleturquoise	MEred	43	-0.000768803662982198	-0.00492274633814679	0.00492274682308577	0.996096107137423
paleturquoise	MEcyan	43	0.0881396119213575	0.56583718583131	0.566573916787302	0.57409237142767
paleturquoise	MElightyellow	43	-0.0630413219132601	-0.404197439892073	0.404465932353301	0.687972466916015
paleturquoise	MEblue	43	0.0218072693138391	0.139656795759206	0.139667868660876	0.889606268473588
paleturquoise	MEgreen	43	0.112982410162825	0.726542447334452	0.728102457532005	0.470688995861815
paleturquoise	MElightcyan	43	0.0722397046002786	0.463366966617176	0.463771499488611	0.645264354547193
paleturquoise	MEdarkred	43	0.00644061811335235	0.0412406481941275	0.0412409333236859	0.967304003628801
paleturquoise	MEgreenyellow	43	0.117884541407579	0.758355373529387	0.760129513103148	0.451526289632328
paleturquoise	MEgrey	43	0.0127302518257905	0.0815177877768524	0.0815199898187008	0.935425091283061
paleturquoise	group	43	-0.0180445945556095	-0.11555432362352	0.115560595977567	0.908564936676601
paleturquoise	age	43	-0.126517114100159	-0.814469127637893	0.816667190461387	0.418838686729803
paleturquoise	White_vs_nonwhite	43	-0.0621949744983303	-0.398756839144104	0.399014633581075	0.69195317991996
paleturquoise	apo	43	0.308063423626017	2.03878267825797	2.07340681064983	0.0444573163739388
paleturquoise	apo_hdp	14	-0.194673449500514	-0.683086743167786	0.687522210548877	0.504825550865572
paleturquoise	apo_gdm	14	-0.469777682513116	-1.76594712223823	1.84343648204608	0.0900893768319009
paleturquoise	apo_other	14	0.561014821323131	2.19732427952906	2.34766711120382	0.0368686112241844
paleturquoise	preterm	43	0.205182036225644	1.33272319510537	1.3423664892001	0.186863185465017
paleturquoise	bmi	43	-0.0387341579542511	-0.248143774899611	0.248205891497118	0.805214097609252
paleturquoise	gwg	39	-0.137397293437355	-0.841074625546832	0.843757286417554	0.404227300219948
paleturquoise	egwg	39	-0.181865884299301	-1.11869134265883	1.12500836329916	0.267830746962396
paleturquoise	ppwr	42	0.0187021795166452	0.118296762529995	0.11830366039885	0.906419165372637
paleturquoise	ppwr_e	42	0.158370948127686	1.01012818966814	1.01442822610079	0.316475508269436
paleturquoise	low_income	43	-0.208078241694059	-1.35209507662433	1.36216566348975	0.180582747751366
paleturquoise	low_access	43	0.0641559715349814	0.411363666521694	0.411646696414386	0.682742511212244
paleturquoise	SPL_SVM	43	-0.275793564470586	-1.81287553347147	1.8371924956729	0.0734370194896331
paleturquoise	RPL_SVM	43	-0.270690186022891	-1.77756126277147	1.80048112209955	0.0791445350208615
paleturquoise	SPL_EBM	43	-0.0833238249026925	-0.534772719860781	0.535394624919509	0.595269393971156
paleturquoise	RPL_EBM	43	-0.0773419049422261	-0.49622083568735	0.496717679964975	0.62204112025777
paleturquoise	F_HVM	43	-0.182557553048175	-1.18219054967756	1.18891826345368	0.241312391228112
paleturquoise	RPL_HVM	43	-0.182557553048175	-1.18219054967756	1.18891826345368	0.241312391228112
paleturquoise	epds_mth6	42	-0.147155705430434	-0.937501060022756	0.940938073059238	0.352384676705236
paleturquoise	epds_3a_mth6	42	-0.0877198012440691	-0.556218331100307	0.556935617508706	0.580674491976591
paleturquoise	sleep_mth6	42	0.0889579404380911	0.564110601319	0.564858864357253	0.575324184970609
paleturquoise	reap_mth6	42	-0.06710675295826	-0.425059198170922	0.425379260894488	0.672840137075467
paleturquoise	KCAL_mth6	24	-0.0835475274587885	-0.392788259016494	0.393247513962807	0.697921629148063
paleturquoise	HEI2015_TOTAL_SCORE_mth6	24	-0.440240430826887	-2.21635745382469	2.29976257746832	0.0313244048782179
paleturquoise	ppaq_total_mth6	42	0.0440129230626034	0.278542117840514	0.278632171941921	0.781962555071401
paleturquoise	PM2.5_7Days_mth6	21	0.101832305228402	0.445420652271734	0.446196243594267	0.66049893261259
paleturquoise	PM2.5_30Days_mth6	20	0.166092441451428	0.711259809073989	0.714596156919456	0.484023994838069
paleturquoise	PM2.5_90Days_mth6	20	0.122709065836404	0.523247373105923	0.524574852226662	0.606279551235751
paleturquoise	EH_7Days_mth6	36	-0.0769697760228414	-0.449696521344082	0.450142441981147	0.655464909337025
paleturquoise	EH_30Days_mth6	36	0.0111379589182512	0.0649475884201048	0.064948931375586	0.948595045818006
paleturquoise	EH_90Days_mth6	36	-0.117994424819748	-0.691239784014323	0.692859956186886	0.493103264075191
paleturquoise	weight_mth6	42	-0.188775940853975	-1.20841743053216	1.21578344219827	0.231194171016322
paleturquoise	postpart_epds_bbmr	11	-0.477687869947944	-1.5599528034976	1.63120693023866	0.137283318380881
paleturquoise	infant_apgar1_bbmr	28	-0.0183711118777998	-0.0936851984146239	0.0936904694468896	0.92607331020299
paleturquoise	infant_apgar5_bbmr	28	0.148089029373579	0.760702577026605	0.763527478756904	0.452022103556118
paleturquoise	infant_weight_bbmr	23	-0.574835383580041	-3.00028013133123	3.21926702670105	0.00411524871812113
paleturquoise	breastfeeding	42	0.0519862133308936	0.32908635530219	0.329234872647204	0.743695932369308
paleturquoise	feeding_mth6	42	-0.0789513662315003	-0.500373679952793	0.500895845302805	0.61918972219403
paleturquoise	ex_feeding_mth6	42	0.0789513662315003	0.500373679952793	0.500895845302805	0.61918972219403
violet	MEmidnightblue	43	0.0257315764686525	0.164798859256782	0.164817053830309	0.869897912775621
violet	MEblack	43	-0.0245043180448508	-0.156935609095126	0.156951321491588	0.876053569412538
violet	MEmagenta	43	0.0709788939187407	0.455252226577858	0.45563587277318	0.65105590123602
violet	MEpurple	43	0.00827219822513414	0.0529691211869036	0.0529697253228559	0.958013283917174
violet	MEtan	43	0.136625085753311	0.880332483768931	0.883108458568309	0.382326586220896
violet	MElightgreen	43	-0.0999120657484727	-0.641890960627501	0.642966600491046	0.523825584763888
violet	MEturquoise	43	-0.0700271440406696	-0.4491276099109	0.449495977140769	0.655441269608629
violet	MEpink	43	-0.0257816201803696	-0.165119508079461	0.165137809065563	0.869647063079667
violet	MEsalmon	43	-0.121870889212923	-0.784252651219401	0.786214920577675	0.436262244046338
violet	MEbrown	43	-0.0925122056701982	-0.594065804099734	0.5949184240023	0.555167372843433
violet	MEyellow	43	-0.0294597739135346	-0.188689191430867	0.188716501627047	0.851246063584738
violet	MEroyalblue	43	-0.040418718403064	-0.258947148573949	0.25901773704994	0.796917617384995
violet	MEgrey60	43	-0.118186082013707	-0.760313456171689	0.762101380291762	0.450361598189978
violet	MEred	43	-0.0269105662478326	-0.172353311880724	0.172374125112715	0.863991496788324
violet	MEcyan	43	-0.0431776405583807	-0.276643798801349	0.276729872059934	0.783377888978754
violet	MElightyellow	43	0.153839272318332	0.992935137961465	0.996919416458977	0.324651194971689
violet	MEblue	43	0.0753187538340165	0.483190423903426	0.483649139494782	0.631208057619945
violet	MEgreen	43	-0.0359237080272612	-0.230122991879804	0.230172533815966	0.819102288625796
violet	MElightcyan	43	0.0662793405514546	0.425017943673492	0.425330107346192	0.672820273767519
violet	MEdarkred	43	0.293948036316708	1.93939260919234	1.96918147317058	0.0557155970575258
violet	MEgreenyellow	43	0.00190374583921833	0.0121899358514767	0.0121899432147209	0.990333197372877
violet	MEgrey	43	0.0815860093101547	0.523569096478955	0.524152719063095	0.602994637568263
violet	group	43	0.316605785057323	2.09939379860447	2.13721023770878	0.0385938109007499
violet	age	43	-0.269555991962884	-1.76972725628926	1.79234464798023	0.0804589556425944
violet	White_vs_nonwhite	43	-0.0660997062068606	-0.423862661291233	0.424172285939898	0.673657590845741
violet	apo	43	0.105519744108598	0.678180596884841	0.67944925488148	0.50067142674213
violet	apo_hdp	14	0.196623195070928	0.69010968870381	0.694683556867566	0.500483270327778
violet	apo_gdm	14	-0.368230827281534	-1.33844178168232	1.37199290582064	0.195169971278124
violet	apo_other	14	0.0938415736222107	0.326036055336316	0.326517622367727	0.749657220388742
violet	preterm	43	0.160581832817551	1.03720285893684	1.04174463543206	0.303634197756173
violet	bmi	43	0.0301099164640108	0.19285583148146	0.192884991172469	0.848001351638273
violet	gwg	39	-0.0465043020939379	-0.283078810902359	0.283181002724401	0.778616505488399
violet	egwg	39	-0.026842713214279	-0.163317082711695	0.163336705355482	0.871142245002308
violet	ppwr	42	-0.0853791983329889	-0.541303325933389	0.541964430122224	0.590849555393082
violet	ppwr_e	42	0.0273257311443761	0.172866132987879	0.172887657570133	0.863611609580847
violet	low_income	43	-0.247331146257886	-1.61722461202378	1.6344734963434	0.109815680657288
violet	low_access	43	-0.158092479886248	-1.02084799074011	1.02517811193714	0.311289930682268
violet	SPL_SVM	43	-0.178241790617046	-1.15362654830152	1.15987777787024	0.252808568210378
violet	RPL_SVM	43	-0.192522786592135	-1.24832587148251	1.25624858764356	0.216137016117057
violet	SPL_EBM	43	-0.222731717990389	-1.45049069771148	1.4629279362521	0.151111415976956
violet	RPL_EBM	43	-0.233489328802498	-1.52315491037274	1.53756032525965	0.131838656496935
violet	F_HVM	43	-0.254986076031754	-1.66954052430941	1.68852208568589	0.0989041867985712
violet	RPL_HVM	43	-0.254986076031754	-1.66954052430941	1.68852208568589	0.0989041867985712
violet	epds_mth6	42	0.148653996950313	0.947189021954351	0.950733773138645	0.34744910222684
violet	epds_3a_mth6	42	0.249262159835659	1.61039582477272	1.62785382189522	0.111408416299063
violet	sleep_mth6	42	0.170444254358434	1.08860886366163	1.09399215234933	0.280502815311158
violet	reap_mth6	42	-0.0767760552924552	-0.486531880515726	0.487011891494779	0.628908129579793
violet	KCAL_mth6	24	-0.0771217912284768	-0.362453004097096	0.362813840917647	0.720206433958282
violet	HEI2015_TOTAL_SCORE_mth6	24	-0.140103782806513	-0.66149606655297	0.663691093012758	0.513783689886259
violet	ppaq_total_mth6	42	-0.101483500431597	-0.644055137850632	0.645168875980262	0.522501338023045
violet	PM2.5_7Days_mth6	21	-0.277990736641722	-1.24447963530386	1.26145536188087	0.22241308467022
violet	PM2.5_30Days_mth6	20	0.022095364655104	0.0937579527741568	0.0937655842967936	0.926331212275157
violet	PM2.5_90Days_mth6	20	-0.117433055789683	-0.500535666419228	0.501697606056674	0.621961212541168
violet	EH_7Days_mth6	36	0.123467206749691	0.723623419387514	0.72548225975274	0.473120495861688
violet	EH_30Days_mth6	36	-0.0210244217178057	-0.122610459466358	0.122619495170318	0.903130359229622
violet	EH_90Days_mth6	36	-0.0833702130409465	-0.487258714028234	0.487825997733078	0.628804185919236
violet	weight_mth6	42	0.0793756079827312	0.50307374131951	0.503604407115178	0.617301752483381
violet	postpart_epds_bbmr	11	0.317194537486248	0.985574118560898	1.0033986222636	0.341881584515246
violet	infant_apgar1_bbmr	28	-0.30139907806129	-1.58608960485334	1.61179115782254	0.119081885021824
violet	infant_apgar5_bbmr	28	-0.12108062035136	-0.620436363741015	0.621968469071175	0.539378939502964
violet	infant_weight_bbmr	23	-0.578347093112838	-3.02438758190495	3.24877322861877	0.00384235250245798
violet	breastfeeding	42	-0.336194083071431	-2.21230036549184	2.25769218464035	0.0294928294811153
violet	feeding_mth6	42	-0.0931208026259785	-0.590658930125076	0.59151792084957	0.5575018730596
violet	ex_feeding_mth6	42	0.0931208026259785	0.590658930125076	0.59151792084957	0.5575018730596
lightgreen	MEmidnightblue	43	0.0514112554799941	0.32948314845278	0.329628567739671	0.743358828035869
lightgreen	MEblack	43	0.123133336037811	0.792459413208615	0.794483963521952	0.431488655091102
lightgreen	MEmagenta	43	0.0681845644557438	0.437272726083308	0.437612682569059	0.663963789476052
lightgreen	MEpurple	43	0.248378932888254	1.62437285238159	1.64185196665826	0.108270287293847
lightgreen	MEtan	43	-0.141106111112397	-0.909589276541607	0.912651515419875	0.366761406218213
lightgreen	MElightgreen	43	-0.274654820118565	-1.80498642368175	1.82898646900312	0.0746815968085615
lightgreen	MEturquoise	43	0.163697974169226	1.05769463290899	1.06251120737634	0.294222137152048
lightgreen	MEpink	43	-0.00264589071001345	-0.0169420064704737	0.0169420262383298	0.986565043815247
lightgreen	MEsalmon	43	0.011147934893241	0.0713845693505872	0.0713860480524609	0.943437601488627
lightgreen	MEbrown	43	-0.115335766950204	-0.741810265384697	0.743470749975405	0.461436109784355
lightgreen	MEyellow	43	-0.0538944041671909	-0.345427268491336	0.345594839136962	0.731414210373658
lightgreen	MEroyalblue	43	-0.288400146049538	-1.90057783421763	1.92860858884503	0.060722799131816
lightgreen	MEgrey60	43	-0.184860967795069	-1.19745476145737	1.20444676498218	0.235323992203486
lightgreen	MEred	43	-0.221984727519634	-1.44545883326471	1.4577668643874	0.152522562689811
lightgreen	MEcyan	43	0.0326308648068317	0.209013686475448	0.209050806837727	0.835443783854985
lightgreen	MElightyellow	43	0.124945607389623	0.804244944976678	0.80636122179302	0.42468730268737
lightgreen	MEblue	43	-0.0344207904289523	-0.22048770226393	0.22053127790204	0.826551918645581
lightgreen	MEgreen	43	0.0544536466914831	0.349018708195079	0.349191560640864	0.728732614769321
lightgreen	MElightcyan	43	0.0113556546479286	0.0727147931613782	0.0727163560787295	0.942385422437502
lightgreen	MEdarkred	43	-0.0163421658219386	-0.104650234916772	0.104654893901811	0.917159962731387
lightgreen	MEgreenyellow	43	0.303748170865077	2.00829888896384	2.04138805439529	0.0476833689390598
lightgreen	MEgrey	43	0.222011489070237	1.4456390736119	1.45795171735285	0.152471841021779
lightgreen	group	43	0.0627126657393804	0.40208466065273	0.402348964225791	0.689517287949281
lightgreen	age	43	0.077592279546399	0.497833694400074	0.498335400077418	0.620910546108778
lightgreen	White_vs_nonwhite	43	-0.0966734394461032	-0.62095130730596	0.62192504446127	0.537434449583662
lightgreen	apo	43	0.0800812026188639	0.513870257492112	0.514422036522582	0.609718931148498
lightgreen	apo_hdp	14	0.0666078572404617	0.231078525935975	0.231249938595869	0.821016644092638
lightgreen	apo_gdm	14	-0.456807897451445	-1.70873725146832	1.77887880015619	0.100580339386583
lightgreen	apo_other	14	0.1658561933589	0.579899631714195	0.58261191162644	0.570940169817088
lightgreen	preterm	43	-0.103563933755007	-0.66551891653645	0.666717810249586	0.508687190492044
lightgreen	bmi	43	0.065533084984619	0.420218730337906	0.420520436815654	0.676301290985705
lightgreen	gwg	39	-0.442963856152042	-2.89486084530064	3.0053824010798	0.00474204325765522
lightgreen	egwg	39	-0.344360941971394	-2.18390524696133	2.23112754102055	0.0318166705000038
lightgreen	ppwr	42	-0.151111404105063	-0.963088210660438	0.96681461927784	0.33944619331386
lightgreen	ppwr_e	42	-0.151263373002696	-0.964071829555848	0.967809676234038	0.338955048233357
lightgreen	low_income	43	-0.0407486171416179	-0.261063016107956	0.261135349202024	0.795295415539691
lightgreen	low_access	43	-0.0438895297280426	-0.281210768991073	0.281301176107926	0.779894265508837
lightgreen	SPL_SVM	43	0.0861728617744067	0.553147442127498	0.553835697591727	0.582699443001387
lightgreen	RPL_SVM	43	0.0809996542127751	0.519789615036319	0.52036068692511	0.605610970451317
lightgreen	SPL_EBM	43	-0.0380004158043471	-0.243438606305871	0.243497255849736	0.808834456604953
lightgreen	RPL_EBM	43	-0.0097504962769931	-0.0624356177184261	0.062436607100861	0.950518539021053
lightgreen	F_HVM	43	-0.0522967750245059	-0.335168527554962	0.335321606014916	0.739092246851432
lightgreen	RPL_HVM	43	-0.0522967750245059	-0.335168527554962	0.335321606014916	0.739092246851432
lightgreen	epds_mth6	42	0.153594481672943	0.979165763979029	0.983082081424703	0.331476225621371
lightgreen	epds_3a_mth6	42	0.15549226721789	0.991462099117012	0.995527943303429	0.325464032104254
lightgreen	sleep_mth6	42	-0.153041957319892	-0.975587172977496	0.979460673992655	0.333239522232879
lightgreen	reap_mth6	42	0.106321157229145	0.674985139675082	0.676267230296001	0.502762792711511
lightgreen	KCAL_mth6	24	-0.311534892442263	-1.51146013250354	1.53775498668433	0.138367978213366
lightgreen	HEI2015_TOTAL_SCORE_mth6	24	-0.138080166054126	-0.651817206262884	0.653917223585196	0.519942555222704
lightgreen	ppaq_total_mth6	42	0.190742172387599	1.22131748709745	1.22892222410709	0.226281897998227
lightgreen	PM2.5_7Days_mth6	21	0.0369238933206404	0.161020723360936	0.161057347725702	0.873748411339445
lightgreen	PM2.5_30Days_mth6	20	-0.128647993303478	-0.548848561642897	0.550380697335786	0.588824074163076
lightgreen	PM2.5_90Days_mth6	20	0.0358855299339204	0.152314814057538	0.152347535366307	0.880607517415488
lightgreen	EH_7Days_mth6	36	-0.054336215889082	-0.317144221885133	0.317300610264749	0.752955893211355
lightgreen	EH_30Days_mth6	36	-0.134778205130522	-0.790696355583055	0.79312183911901	0.433206951476572
lightgreen	EH_90Days_mth6	36	-0.263333920612071	-1.57253415587095	1.59166566798183	0.120715991362989
lightgreen	weight_mth6	42	0.0702361733853482	0.444945185056776	0.445312311584667	0.658494837053955
lightgreen	postpart_epds_bbmr	11	-0.217055412349904	-0.661691549507706	0.667069655172231	0.521461194842135
lightgreen	infant_apgar1_bbmr	28	0.302300782430481	1.59114833116198	1.61709739130977	0.117927281132987
lightgreen	infant_apgar5_bbmr	28	0.397092515424674	2.14256930241743	2.20617751842095	0.0364095301643882
lightgreen	infant_weight_bbmr	23	0.0896990950052358	0.412160679415922	0.41271658979556	0.683997556973094
lightgreen	breastfeeding	42	-0.0247112208286892	-0.156319306851968	0.156335223070212	0.876555173403893
lightgreen	feeding_mth6	42	0.278519782398104	1.80930762514169	1.83408771946174	0.0740879017973807
lightgreen	ex_feeding_mth6	42	-0.278519782398104	-1.80930762514169	1.83408771946174	0.0740879017973807
sienna3	MEmidnightblue	43	4.24461833580814e-05	0.000271788185610275	0.000271788185691488	0.99978446254237
sienna3	MEblack	43	0.132233375652564	0.851694241031875	0.854207864367317	0.397953498110165
sienna3	MEmagenta	43	0.184147821979913	1.19272747427088	1.19963690041407	0.237167094505537
sienna3	MEpurple	43	0.0933388695154116	0.599405141728777	0.600280965182454	0.551622780849412
sienna3	MEtan	43	0.200004789508246	1.29815367625425	1.307064866213	0.198474140960526
sienna3	MElightgreen	43	0.0695997365750666	0.44637746277861	0.446739103394351	0.657414370324751
sienna3	MEturquoise	43	0.00774286582346427	0.0495795226339583	0.0495800180535967	0.960697820699411
sienna3	MEpink	43	-0.000980618632661103	-0.00627902494713477	0.00627902595346748	0.99502054810005
sienna3	MEsalmon	43	-0.0416525206906817	-0.266860664661045	0.26693792494503	0.790855058713123
sienna3	MEbrown	43	-0.353327486570254	-2.36429484051934	2.41838644620015	0.020116193831805
sienna3	MEyellow	43	-0.309796348439835	-2.05104953586343	2.08630456735958	0.043212740710384
sienna3	MEroyalblue	43	-0.21106644321662	-1.37210789413474	1.38263300662557	0.174262543105162
sienna3	MEgrey60	43	0.0545241258793014	0.349471339069619	0.34964486495477	0.728394889483619
sienna3	MEred	43	-0.0587688450426983	-0.376738339708324	0.376955739699468	0.708150557962712
sienna3	MEcyan	43	0.163353542958141	1.05542860185116	1.06021425720729	0.295253101884956
sienna3	MElightyellow	43	0.180165911541415	1.16635572305212	1.17281640610539	0.247638586914645
sienna3	MEblue	43	0.203099701689835	1.31880992800858	1.32815392369932	0.191473704445817
sienna3	MEgreen	43	0.105523345662152	0.678203917752819	0.679472706680453	0.500656725726253
sienna3	MElightcyan	43	0.110815027092715	0.712488443764387	0.713959628543097	0.479297123040166
sienna3	MEdarkred	43	0.0685734087019195	0.439774240427806	0.440120065665818	0.662161727747664
sienna3	MEgreenyellow	43	0.0591170231608113	0.378975540115369	0.379196836592694	0.706498552074859
sienna3	MEgrey	43	0.261199930408429	1.71216830376733	1.73264485126014	0.0906759601523156
sienna3	group	43	-0.245608439415073	-1.60548047726072	1.62235552568302	0.112392926735811
sienna3	age	43	-0.130662317634691	-0.841457686424369	0.843881709412665	0.403632464913002
sienna3	White_vs_nonwhite	43	-0.149135099370736	-0.962106198109983	0.965730498334063	0.339841162260806
sienna3	apo	43	-0.0719307052649132	-0.461378070613287	0.461777415823266	0.646681847620214
sienna3	apo_hdp	14	-0.106259194079145	-0.369487487630824	0.370188480743741	0.717693331602766
sienna3	apo_gdm	14	0.362621158657961	1.31601435167351	1.34789908624952	0.202586219067177
sienna3	apo_other	14	-0.420913219303061	-1.55469349773538	1.60741340456737	0.133940863970562
sienna3	preterm	43	-0.153987061829438	-0.993904413998974	0.997900381304355	0.324180981569623
sienna3	bmi	43	0.221862022837657	1.4446324400892	1.45691933736932	0.152755285478674
sienna3	gwg	39	0.0306765916061584	0.186656988069599	0.186686283523692	0.852926484517976
sienna3	egwg	39	0.0697718060953899	0.425096029581017	0.425442139642743	0.672978811984147
sienna3	ppwr	42	-0.0393894294169382	-0.24924958459341	0.249314109266609	0.804393653750561
sienna3	ppwr_e	42	-0.0702657194637513	-0.445132977657341	0.445500569304135	0.658359961951023
sienna3	low_income	43	0.188805942788948	1.22362860900433	1.23108977529353	0.22530478795843
sienna3	low_access	43	-0.128574413469155	-0.827860119739819	0.830168454295292	0.411251536559107
sienna3	SPL_SVM	43	0.226862969843084	1.47835158228821	1.49152066495433	0.14347959635595
sienna3	RPL_SVM	43	0.2224881980386	1.44885010953152	1.46124512220417	0.151570395482114
sienna3	SPL_EBM	43	0.0901691593670137	0.578936756911629	0.579725863695698	0.565271764341026
sienna3	RPL_EBM	43	0.0960418248473361	0.616869097949104	0.617823750797925	0.54010830707597
sienna3	F_HVM	43	0.0759955703942446	0.487549113762421	0.488020357835097	0.628135214176817
sienna3	RPL_HVM	43	0.0759955703942446	0.487549113762421	0.488020357835097	0.628135214176817
sienna3	epds_mth6	42	0.247294155071006	1.5971314193034	1.6141606636334	0.114354793152652
sienna3	epds_3a_mth6	42	0.222263962435711	1.42958016421764	1.44178476816779	0.157147201194031
sienna3	sleep_mth6	42	-0.254226968267777	-1.64392077232343	1.66249447021836	0.104231617413635
sienna3	reap_mth6	42	-0.0955211510216261	-0.605976344520266	0.606903932504238	0.547344317525734
sienna3	KCAL_mth6	24	-0.201641887116151	-0.958924733097518	0.965618756055695	0.344730560571615
sienna3	HEI2015_TOTAL_SCORE_mth6	24	-0.0167385103606087	-0.0785179063288876	0.078521573560046	0.93812299898253
sienna3	ppaq_total_mth6	42	0.13570164033004	0.8635797380623	0.866265706692442	0.391511017984034
sienna3	PM2.5_7Days_mth6	21	0.161476704062443	0.710075821729038	0.713220567592944	0.484378097500312
sienna3	PM2.5_30Days_mth6	20	-0.123731816904171	-0.52765343730048	0.529014751672123	0.603258482859697
sienna3	PM2.5_90Days_mth6	20	-0.00652606723196966	-0.0276881514450306	0.0276883479886977	0.978215391517093
sienna3	EH_7Days_mth6	36	-0.0342081036270683	-0.199543665923822	0.199582616070966	0.842995896777567
sienna3	EH_30Days_mth6	36	0.0925450042994839	0.541173988226021	0.541951250553251	0.591386478692247
sienna3	EH_90Days_mth6	36	0.00424980604115397	0.0247805637751372	0.0247806383691156	0.980374807929155
sienna3	weight_mth6	42	0.13953000982675	0.888259900973182	0.891182957711489	0.378160492076439
sienna3	postpart_epds_bbmr	11	-0.207805398816475	-0.632629802437094	0.637328968159361	0.539782900797025
sienna3	infant_apgar1_bbmr	28	-0.00398602163083818	-0.0203249097209211	0.0203249635431429	0.983939320872204
sienna3	infant_apgar5_bbmr	28	0.229368394275381	1.19073672794537	1.2015886518292	0.240354113922861
sienna3	infant_weight_bbmr	23	0.597488166948874	3.15845617009563	3.41452899479447	0.00260755560428409
sienna3	breastfeeding	42	0.175156715846033	1.11933049915939	1.12518303261629	0.267217885464106
sienna3	feeding_mth6	42	0.110167924302845	0.699602703691963	0.70103031143723	0.48734251633989
sienna3	ex_feeding_mth6	42	-0.110167924302845	-0.699602703691963	0.70103031143723	0.48734251633989
grey60	MEmidnightblue	43	0.0232365612305967	0.14881337558878	0.148826772433571	0.882419942866559
grey60	MEblack	43	-0.0953077303315807	-0.612125175070143	0.61305796546276	0.543224030156277
grey60	MEmagenta	43	-0.157016068729801	-1.01378014809577	1.01802087737841	0.314637938719443
grey60	MEpurple	43	-0.026365945939602	-0.168863563984843	0.168883138357337	0.866719005950238
grey60	MEtan	43	-0.169350382465498	-1.09492008902908	1.10026385077608	0.277635415399107
grey60	MElightgreen	43	-0.30938334888428	-2.04812471646756	2.08322862759962	0.0435067507904487
grey60	MEturquoise	43	-0.163144522892323	-1.05405357560737	1.05882053401622	0.295879883279728
grey60	MEpink	43	0.21111217426001	1.37241437193851	1.3829465495617	0.174167071668323
grey60	MEsalmon	43	0.347743520879799	2.32353098473015	2.3748607405897	0.0223162283323142
grey60	MEbrown	43	0.280825203964284	1.84779887065665	1.87355242311576	0.0681320655887279
grey60	MEyellow	43	0.377625961254328	2.54388352018062	2.61133373126406	0.0125428009943333
grey60	MEroyalblue	43	-0.20104074791641	-1.30506494521342	1.31411942034041	0.196111114216719
grey60	MEgrey60	43	-0.15499498924901	-1.00051610344899	1.00459241435545	0.32098551283647
grey60	MEred	43	-0.278814033849818	-1.83382711768855	1.85899930681013	0.0702148557998293
grey60	MEcyan	43	0.0346709339230532	0.222091315921393	0.222135849310629	0.825310950849169
grey60	MElightyellow	43	0.106820446450264	0.686604107377274	0.68792064647352	0.495376513809127
grey60	MEblue	43	0.290928214194804	1.91824800295874	1.94707024795421	0.0583983420360122
grey60	MEgreen	43	0.113634692148106	0.730773410691686	0.732360845637361	0.468114533127585
grey60	MElightcyan	43	0.197316593887015	1.28023357726309	1.28878031839791	0.204699230437582
grey60	MEdarkred	43	-0.0917712256763811	-0.589280589989364	0.590112766041942	0.558353645503418
grey60	MEgreenyellow	43	0.244777448613998	1.59981918500035	1.61651597686185	0.113652422717901
grey60	MEgrey	43	0.392931759917621	2.6589766682266	2.73605853960086	0.00914814063412501
grey60	group	43	-0.127408554702643	-0.820270650986625	0.822516046038558	0.415541438372228
grey60	age	43	-0.128762775387417	-0.829086528448766	0.831405142795422	0.410560822213589
grey60	White_vs_nonwhite	43	0.0244467851311161	0.156566997883125	0.156582599821149	0.876342321903611
grey60	apo	43	-0.00185995586052164	-0.0119095421845063	0.0119095490512394	0.990555543135242
grey60	apo_hdp	14	-0.0956312086683922	-0.332291678840056	0.332801509215272	0.74502616164644
grey60	apo_gdm	14	0.0933735511142578	0.32440044595574	0.324874799619778	0.750869628581205
grey60	apo_other	14	-0.541104446277969	-2.09826173738063	2.22894198077311	0.0456976766262599
grey60	preterm	43	0.107519727039279	0.691133712510042	0.692476490171045	0.49254182511915
grey60	bmi	43	-0.0876283272517272	-0.562537884035542	0.563261799438212	0.576324317704859
grey60	gwg	39	0.0923352219303006	0.563257623220106	0.56406291720071	0.576114730888202
grey60	egwg	39	0.0765765415883427	0.466710607282657	0.467168662541667	0.643118811842959
grey60	ppwr	42	-0.189636386903058	-1.21406141854092	1.22153125089154	0.229035611482209
grey60	ppwr_e	42	-0.138028761177568	-0.878578711911086	0.881407170449769	0.383363259627948
grey60	low_income	43	0.0751922122553599	0.482375547491905	0.482831945754552	0.631783258119466
grey60	low_access	43	0.0759262365126551	0.487102583800396	0.487572534018988	0.628449715851828
grey60	SPL_SVM	43	-0.00334187149292754	-0.0213984980152127	0.0213985378456434	0.983031543672338
grey60	RPL_SVM	43	-0.0296074835357908	-0.189635820177903	0.189663543486688	0.850508663931705
grey60	SPL_EBM	43	-0.130697259120411	-0.841685308243439	0.844111300056943	0.403505654797193
grey60	RPL_EBM	43	-0.171040153505246	-1.10606266658134	1.11157140313608	0.272798372219868
grey60	F_HVM	43	-0.00886154366790393	-0.0567430503584724	0.0567437930434405	0.955024928520479
grey60	RPL_HVM	43	-0.00886154366790393	-0.0567430503584724	0.0567437930434405	0.955024928520479
grey60	epds_mth6	42	0.145020412035611	0.923701772580293	0.926989132578807	0.359491954348701
grey60	epds_3a_mth6	42	0.118544392288997	0.753282457270463	0.755064714379755	0.45463325532455
grey60	sleep_mth6	42	-0.0823667466163412	-0.522115916279314	0.522709166001132	0.604060047121287
grey60	reap_mth6	42	0.0453269126697596	0.286869134751552	0.286967509787356	0.775618526499374
grey60	KCAL_mth6	24	-0.201808138480946	-0.959737599060241	0.966448683503842	0.344324529404667
grey60	HEI2015_TOTAL_SCORE_mth6	24	-0.0457517583620519	-0.214744688392106	0.214819719071281	0.831886717685379
grey60	ppaq_total_mth6	42	-0.142555167241432	-0.907781026470655	0.910901204759775	0.367804338613653
grey60	PM2.5_7Days_mth6	21	0.362938713029407	1.65754238007895	1.6977796524409	0.105868352286341
grey60	PM2.5_30Days_mth6	20	0.0713104755719949	0.303059127349834	0.303316919179018	0.765126175966967
grey60	PM2.5_90Days_mth6	20	0.214044405169094	0.922376077520254	0.929659351282358	0.364848276647683
grey60	EH_7Days_mth6	36	0.09225790536299	0.539485511866386	0.54025551956915	0.592542418342307
grey60	EH_30Days_mth6	36	0.0895340546219609	0.523470542046301	0.524173973171468	0.603558252968863
grey60	EH_90Days_mth6	36	0.116291871805397	0.681174150898956	0.682724539782976	0.499406625068632
grey60	weight_mth6	42	-0.0879331412138273	-0.557578100109762	0.558300661337715	0.579751000543995
grey60	postpart_epds_bbmr	11	-0.129516450739311	-0.390744059142067	0.391849795944206	0.704286021167078
grey60	infant_apgar1_bbmr	28	0.0988781248758229	0.505834302626019	0.506664371114796	0.616660359019107
grey60	infant_apgar5_bbmr	28	0.394424425899866	2.12643809924902	2.1886121731521	0.0378017687972654
grey60	infant_weight_bbmr	23	0.262692800954746	1.23270652448011	1.24762689767995	0.225901650298094
grey60	breastfeeding	42	-0.0652942441325225	-0.413545423439439	0.413840171703544	0.681201788915704
grey60	feeding_mth6	42	0.120226134572337	0.764072521132105	0.765932506065488	0.448212891438533
grey60	ex_feeding_mth6	42	-0.120226134572337	-0.764072521132105	0.765932506065488	0.448212891438533
salmon	MEmidnightblue	43	-0.181375595747793	-1.17436314963125	1.18095796335759	0.244424988605185
salmon	MEblack	43	0.0199347213880996	0.127661410067573	0.127669867770675	0.899034382935809
salmon	MEmagenta	43	0.0654542244516066	0.419711601258318	0.420012216579847	0.676669538398616
salmon	MEpurple	43	-0.0454189664176781	-0.291023510681485	0.291123716738985	0.772424438557533
salmon	MEtan	43	0.184570235870628	1.19552740778483	1.20248566471864	0.236074197322361
salmon	MElightgreen	43	-0.0703454159474471	-0.451175633285322	0.451549063636206	0.653973488545252
salmon	MEturquoise	43	-0.12494462315849	-0.804238542877476	0.806354769128512	0.424690979999161
salmon	MEpink	43	0.0940115596297241	0.603750591797161	0.604645607502603	0.548746327277293
salmon	MEsalmon	43	0.0455307430941498	0.291740713777581	0.291841662562131	0.771879303483906
salmon	MEbrown	43	-0.0489514959070977	-0.313693232571774	0.313818729315903	0.755249879551765
salmon	MEyellow	43	0.0803826514229959	0.515812977253331	0.516371039443161	0.608369325935265
salmon	MEroyalblue	43	-0.133457829715286	-0.859675425158904	0.862260420933823	0.393559743960803
salmon	MEgrey60	43	-0.00655063048875438	-0.0419451008252574	0.041945400817174	0.966745831279811
salmon	MEred	43	-0.0148906379481934	-0.0953536527970704	0.0953571771688267	0.924495678238063
salmon	MEcyan	43	0.179154682214279	1.15966472453057	1.16601473527169	0.250346735450272
salmon	MElightyellow	43	0.27110220236944	1.78040839042476	1.80343884321971	0.0786712334166397
salmon	MEblue	43	0.125194180496534	0.805861882379519	0.807990955982052	0.423759150722393
salmon	MEgreen	43	-0.0556437152421302	-0.356662027878398	0.356846488169188	0.723036838452967
salmon	MElightcyan	43	-0.00341332350471325	-0.0218560193433644	0.0218560617836543	0.982668798234308
salmon	MEdarkred	43	0.051756491904993	0.331699638043927	0.331848012164414	0.741694510562896
salmon	MEgreenyellow	43	-0.00524379549227715	-0.0335769817747981	0.0335771356577311	0.973377291120883
salmon	MEgrey	43	0.154926783179722	1.0000686263	1.00413946586305	0.321201121820591
salmon	group	43	-0.0619189505855857	-0.39698259097901	0.397236959136952	0.693253212167856
salmon	age	43	-0.118540077368698	-0.762612339371224	0.764416538178091	0.448996395470291
salmon	White_vs_nonwhite	43	-0.157511147699024	-1.01703058972654	1.02131227502792	0.31309525301587
salmon	apo	43	-0.0137845813627523	-0.0882699781740091	0.0882727739867332	0.93008964048044
salmon	apo_hdp	14	-0.107017029870767	-0.372142904523081	0.372859125992891	0.715755868206898
salmon	apo_gdm	14	0.427529544108539	1.58264325455288	1.63827824003746	0.127299113434906
salmon	apo_other	14	-0.115862109466667	-0.403168673618203	0.404079471419218	0.693262927394298
salmon	preterm	43	-0.113154291621266	-0.727657278171142	0.729224483685967	0.470009875310571
salmon	bmi	43	0.0834671042200289	0.53569658040049	0.536321714949462	0.594634409067349
salmon	gwg	39	0.0993734304751373	0.606466565423258	0.607471837153121	0.547248264189056
salmon	egwg	39	0.2272338618759	1.40676522950639	1.41933922398904	0.164170489332245
salmon	ppwr	42	-0.0819301682178575	-0.519335992046414	0.519919814024305	0.605985108552831
salmon	ppwr_e	42	-0.0435807536755404	-0.275803585650065	0.275891009469624	0.784052172466594
salmon	low_income	43	0.288473683850499	1.901091435381	1.92914498754256	0.0606541574600097
salmon	low_access	43	-0.275460980856705	-1.81057087330462	1.83479496619381	0.0737988122926397
salmon	SPL_SVM	43	0.296650668405094	1.95835112951579	1.98902492725462	0.0533992996115754
salmon	RPL_SVM	43	0.295803596043584	1.95240548619826	1.98279988846163	0.0541167994071458
salmon	SPL_EBM	43	0.0155897534133009	0.0998312161338264	0.0998352606749575	0.920961686958036
salmon	RPL_EBM	43	-0.0174655464609483	-0.111845437431531	0.111851124996038	0.911487260842554
salmon	F_HVM	43	0.226186322203654	1.47378457440398	1.48683177118315	0.144709697532802
salmon	RPL_HVM	43	0.226186322203654	1.47378457440398	1.48683177118315	0.144709697532802
salmon	epds_mth6	42	0.148594409099785	0.946803642593194	0.950344065587435	0.347644581050112
salmon	epds_3a_mth6	42	0.0979008720858744	0.621169127881591	0.622168271253184	0.537361826240711
salmon	sleep_mth6	42	-0.101581777182648	-0.644683168894502	0.645800169417205	0.522096575205174
salmon	reap_mth6	42	0.122904455025547	0.781265802286107	0.783254260871645	0.438090965818168
salmon	KCAL_mth6	24	-0.19564359647437	-0.929634387948589	0.935732783406764	0.359569445032529
salmon	HEI2015_TOTAL_SCORE_mth6	24	0.354596733452206	1.73869897606626	1.7787932772056	0.0890967077800568
salmon	ppaq_total_mth6	42	0.261657970486802	1.69426872109276	1.7146060462611	0.0941568309673331
salmon	PM2.5_7Days_mth6	21	0.19443209520849	0.858438543304415	0.863998417234209	0.398365295881343
salmon	PM2.5_30Days_mth6	20	0.162609425865344	0.6960723771688	0.699199348739788	0.493364349627005
salmon	PM2.5_90Days_mth6	20	0.149835524794204	0.64052070967884	0.642956672718541	0.528358423434298
salmon	EH_7Days_mth6	36	0.216779275527234	1.28440755456741	1.29481950132276	0.204106866952392
salmon	EH_30Days_mth6	36	0.103341765991846	0.60473980867732	0.605824507257534	0.548654630341288
salmon	EH_90Days_mth6	36	0.106963949314212	0.626096756184913	0.627300529041692	0.534652591957053
salmon	weight_mth6	42	0.00756275123247503	0.0478319504770659	0.0478324064554684	0.962087841000795
salmon	postpart_epds_bbmr	11	-0.423908786371773	-1.35734254538092	1.40412884873523	0.193835319710734
salmon	infant_apgar1_bbmr	28	0.0781892956771561	0.399504207720262	0.399913065976577	0.692487192710768
salmon	infant_apgar5_bbmr	28	0.359301369668103	1.9176569958504	1.96318294138372	0.0604055270376138
salmon	infant_weight_bbmr	23	0.122932006358338	0.566209046913041	0.56765080157878	0.576291259361345
salmon	breastfeeding	42	-0.043528525130473	-0.275472635512811	0.275559744977712	0.784304808752876
salmon	feeding_mth6	42	0.153808630469999	0.980552930555324	0.984485929486016	0.330794365913296
salmon	ex_feeding_mth6	42	-0.153808630469999	-0.980552930555324	0.984485929486016	0.330794365913296
pink	MEmidnightblue	43	0.0200133544073454	0.128165108015665	0.128173666227191	0.898638187306638
pink	MEblack	43	-0.0350982846914817	-0.224831030083205	0.2248772320449	0.823191827249769
pink	MEmagenta	43	-0.0239967435484311	-0.153683634016503	0.15369838973176	0.878601583921939
pink	MEpurple	43	-0.192718487421835	-1.24962725299379	1.25757480482833	0.215661586643242
pink	MEtan	43	0.203235425852015	1.31971640331746	1.32907970716407	0.191170764094227
pink	MElightgreen	43	0.0224268015100355	0.143625678939552	0.14363772297714	0.886490220617986
pink	MEturquoise	43	-0.233146907287461	-1.52083611371046	1.53517571441975	0.132422378868356
pink	MEpink	43	0.028837174917869	0.184699222570745	0.184724836615425	0.854355587344102
pink	MEsalmon	43	0.054870389484691	0.351695161185078	0.35187202116904	0.726736386677044
pink	MEbrown	43	-0.00335352078483249	-0.0214730907145243	0.021473130962942	0.982972402662951
pink	MEyellow	43	-0.0668784653582939	-0.428871295308416	0.429192028012415	0.670030442515408
pink	MEroyalblue	43	0.26540560927577	1.74110390055828	1.7626388745672	0.0854148760806271
pink	MEgrey60	43	0.234942947920427	1.53300284651258	1.54769002483498	0.129382045187451
pink	MEred	43	0.305198478957587	2.01853425369968	2.05213361056048	0.0465786436179496
pink	MEcyan	43	0.0128232722092274	0.0821135060974646	0.0821157567696939	0.934954244468909
pink	MElightyellow	43	-0.0673316116203803	-0.431785972214387	0.432113289712148	0.667923266586142
pink	MEblue	43	0.0490485080586513	0.314315908476173	0.314442154091835	0.754779820582404
pink	MEgreen	43	0.0561957264021866	0.360207711414082	0.360397728489614	0.720399848924059
pink	MElightcyan	43	0.0596075290273874	0.382127417017755	0.382354281665758	0.704173500251045
pink	MEdarkred	43	0.0720654529753937	0.462245372800181	0.462646974715564	0.64606355835701
pink	MEgreenyellow	43	-0.215971326240798	-1.40501478351072	1.41631672447299	0.164235895212632
pink	MEgrey	43	-0.124008879944942	-0.798152563378643	0.800221084800322	0.428195227152618
pink	group	43	0.135298966542797	0.871681252518945	0.87437613869533	0.387006640031156
pink	age	43	-0.0840681458596208	-0.539572320940163	0.540211125600191	0.591973967535059
pink	White_vs_nonwhite	43	-0.0230564327801678	-0.147659372469775	0.147672460054185	0.883325108326898
pink	apo	43	-0.198936238628196	-1.29102809534893	1.29979315122407	0.200932438809311
pink	apo_hdp	14	-0.141983927254407	-0.495192431786559	0.496880668034875	0.628251093453216
pink	apo_gdm	14	0.27620471546354	0.982310601346243	0.995528424466937	0.339130573467991
pink	apo_other	14	-0.0991805013079699	-0.344704575060969	0.345273721021713	0.735865393797653
pink	preterm	43	-0.13169360735942	-0.848176783212369	0.850659373445711	0.399899370862611
pink	bmi	43	0.022165599258133	0.141952336607127	0.141963964558368	0.887803780729754
pink	gwg	39	0.142610139548206	0.873417156913844	0.876421571625267	0.386455741623269
pink	egwg	39	0.0719642907079609	0.438499715375211	0.438879614085854	0.663301057754973
pink	ppwr	42	-0.100391811250103	-0.637079619060405	0.638157548231061	0.527007975692302
pink	ppwr_e	42	-0.161478326138434	-1.03029682245564	1.03485983940622	0.306950571172511
pink	low_income	43	-0.171819145019924	-1.11120167205448	1.11678762786439	0.270587283818969
pink	low_access	43	0.00490932680711831	0.0314352820154698	0.0314354082905052	0.975074835920071
pink	SPL_SVM	43	-0.182648556481056	-1.18279335585914	1.18953137810444	0.241073859571062
pink	RPL_SVM	43	-0.176884469686466	-1.1446525128362	1.15075883618634	0.256498845215737
pink	SPL_EBM	43	-0.10441126156049	-0.671003772137108	0.672232563746814	0.505206539550061
pink	RPL_EBM	43	-0.122773082378923	-0.790117256715639	0.792123899958953	0.432847871944451
pink	F_HVM	43	-0.103965017345853	-0.668115057456178	0.669328041485181	0.507038113290333
pink	RPL_HVM	43	-0.103965017345853	-0.668115057456178	0.669328041485181	0.507038113290333
pink	epds_mth6	42	0.222786608070972	1.43305787300004	1.44535191640362	0.156148577523521
pink	epds_3a_mth6	42	0.215592074728053	1.38525895122878	1.39636151628905	0.170306844022081
pink	sleep_mth6	42	-0.155339870687925	-0.990474401837854	0.994528096991143	0.325944289662886
pink	reap_mth6	42	-0.177065428448395	-1.13178865287473	1.13783899763946	0.261957470207364
pink	KCAL_mth6	24	0.0892893332383216	0.419922434082572	0.420483620752997	0.678210995813086
pink	HEI2015_TOTAL_SCORE_mth6	24	0.0946050964659854	0.445068224748055	0.445736416871278	0.660143322577218
pink	ppaq_total_mth6	42	-0.158547184478166	-1.01127151427216	1.01558618083068	0.315930360404428
pink	PM2.5_7Days_mth6	21	0.0333412968560181	0.145385231734625	0.145412189270052	0.88591699044427
pink	PM2.5_30Days_mth6	20	-0.0160808715120189	-0.0682312415731655	0.0682341828214227	0.946351486138966
pink	PM2.5_90Days_mth6	20	-0.00162270645590504	-0.00688456647583711	0.00688456949722224	0.994582680472767
pink	EH_7Days_mth6	36	0.2267945402148	1.34582793445417	1.35780899227968	0.183467955869724
pink	EH_30Days_mth6	36	0.392842845292934	2.42076191987497	2.49090227358688	0.0177861591782061
pink	EH_90Days_mth6	36	0.0483617547668147	0.282215223558895	0.282325418589828	0.779405566091195
pink	weight_mth6	42	-0.087993093360204	-0.557960227490645	0.558684275710673	0.579491603128781
pink	postpart_epds_bbmr	11	0.38772446989812	1.2273573282908	1.26188387556109	0.238711066040326
pink	infant_apgar1_bbmr	28	0.0706996649517348	0.36110142349665	0.361403329608638	0.720718319857599
pink	infant_apgar5_bbmr	28	0.232480950904153	1.2075017463138	1.21881939915441	0.233856192591163
pink	infant_weight_bbmr	23	-0.0681236789658585	-0.312666192987621	0.312908839089552	0.757436275778408
pink	breastfeeding	42	-0.0769940466525417	-0.487918777315969	0.488402905750786	0.627931403536755
pink	feeding_mth6	42	-0.235832903064794	-1.52015101241752	1.53483024537828	0.132698243916214
pink	ex_feeding_mth6	42	0.235832903064794	1.52015101241752	1.53483024537828	0.132698243916214
royalblue	MEmidnightblue	43	0.241869986004463	1.58003071877886	1.59611433130381	0.118143456319219
royalblue	MEblack	43	0.207116121302081	1.34565704231343	1.35558424876166	0.182652136031303
royalblue	MEmagenta	43	0.116958548969384	0.752343234159995	0.754075492763421	0.455113140516472
royalblue	MEpurple	43	0.000877455025491591	0.00561845498291645	0.00561845570388416	0.995544393720301
royalblue	MEtan	43	0.269736173723295	1.77097144631599	1.79363669612487	0.0802490095637453
royalblue	MElightgreen	43	-0.149173567251119	-0.962358117174504	0.965985267262091	0.339715196995643
royalblue	MEturquoise	43	-0.074309055466251	-0.476688808926132	0.477129252328929	0.635803649737165
royalblue	MEpink	43	0.0673374608543306	0.431823596170817	0.432150999252087	0.667896083483131
royalblue	MEsalmon	43	-0.0466393289559651	-0.298854235427936	0.298962750594467	0.766478637112994
royalblue	MEbrown	43	-0.0722387853429729	-0.463361049620543	0.46376556699234	0.64526856968021
royalblue	MEyellow	43	-0.164692767050679	-1.06424090417629	1.06914754846892	0.291257549551497
royalblue	MEroyalblue	43	0.137021737066282	0.882920745370313	0.885721292707346	0.380933269410718
royalblue	MEgrey60	43	-0.170491081842575	-1.10244128981622	1.10789604141979	0.274363986426408
royalblue	MEred	43	0.102964929132555	0.661642074528485	0.662820130945005	0.511155061137737
royalblue	MEcyan	43	-0.168523559296641	-1.08947030191967	1.09473459062331	0.280022596744232
royalblue	MElightyellow	43	0.0418149985735746	0.267902845907404	0.267981014966865	0.790057586749306
royalblue	MEblue	43	-0.0557021212910504	-0.357037171814773	0.357222214834989	0.722757678875247
royalblue	MEgreen	43	-0.171317202081271	-1.10789019349554	1.1134263084576	0.272010638468321
royalblue	MElightcyan	43	-0.216595456461216	-1.40920728601619	1.42061086672598	0.162990694999417
royalblue	MEdarkred	43	0.152279004279628	0.982704880324579	0.986567177469039	0.32964146636349
royalblue	MEgreenyellow	43	-0.221527840591907	-1.44238202476777	1.45461149382429	0.153390417287122
royalblue	MEgrey	43	-0.0363712692713655	-0.232992531635927	0.233043950164562	0.816886830164455
royalblue	group	43	-0.312679288118838	-2.07148936214104	2.10781267058282	0.0412051334328133
royalblue	age	43	0.19690492570983	1.27749106069415	1.2859829202818	0.20566447181339
royalblue	White_vs_nonwhite	43	-0.0426853384255554	-0.273485706297576	0.273568865134143	0.785789417613859
royalblue	apo	43	0.00422285000281716	0.0270395939323579	0.0270396742971409	0.978559276653208
royalblue	apo_hdp	14	-0.199360103058715	-0.699977446182215	0.70475060877785	0.494417081545423
royalblue	apo_gdm	14	0.200604275133943	0.704466932836008	0.709332655302772	0.491670795287552
royalblue	apo_other	14	-0.0856577766867509	-0.29745617540934	0.297821851513371	0.770932469015593
royalblue	preterm	43	-0.0931732800510206	-0.598335549898905	0.599206691836542	0.552331941458696
royalblue	bmi	43	0.113326529135773	0.728774462468329	0.730348900665396	0.469329871173351
royalblue	gwg	39	-0.0682539082798434	-0.415818830602128	0.416142767902528	0.67970956829732
royalblue	egwg	39	-0.203863921359958	-1.25767646088954	1.26665657965721	0.213194075332895
royalblue	ppwr	42	0.11176274554196	0.709814988095544	0.711306057186961	0.481022300711831
royalblue	ppwr_e	42	0.248779819354411	1.60714355783703	1.62449576985086	0.112125158739434
royalblue	low_income	43	0.0103027853343118	0.0659723488173944	0.0659735160382468	0.947719564766274
royalblue	low_access	43	0.0676302271579639	0.433706791400609	0.434038497291603	0.666536049285364
royalblue	SPL_SVM	43	-0.160701888919769	-1.03799195637234	1.04254411591132	0.303268050055039
royalblue	RPL_SVM	43	-0.157246079151431	-1.01529021728022	1.01954994096674	0.313920619749116
royalblue	SPL_EBM	43	-0.180019313743218	-1.16538557395086	1.17183013106947	0.248029958186116
royalblue	RPL_EBM	43	-0.164211032983008	-1.06107056090496	1.06593344548072	0.292690744179559
royalblue	F_HVM	43	-0.110312859965504	-0.709233211980537	0.710684315820894	0.481303299610216
royalblue	RPL_HVM	43	-0.110312859965504	-0.709233211980537	0.710684315820894	0.481303299610216
royalblue	epds_mth6	42	0.177512249193227	1.13470630101704	1.14080360862122	0.260736043947109
royalblue	epds_3a_mth6	42	0.166425388665897	1.06244912664039	1.06745322638546	0.29216755408594
royalblue	sleep_mth6	42	-0.114647778518523	-0.728298425465747	0.729909088955179	0.469699014251283
royalblue	reap_mth6	42	0.0347636094766751	0.219953004871097	0.219997345793179	0.826992158731346
royalblue	KCAL_mth6	24	-0.0576861873476191	-0.27087293029112	0.27102352000463	0.788899623498795
royalblue	HEI2015_TOTAL_SCORE_mth6	24	-0.43777004791464	-2.20200404782341	2.28378743482442	0.032398896497036
royalblue	ppaq_total_mth6	42	-0.172003601389035	-1.09876891107386	1.10430449225478	0.276059935218347
royalblue	PM2.5_7Days_mth6	21	-0.327426785301617	-1.48177854417226	1.51048331564613	0.147372704335223
royalblue	PM2.5_30Days_mth6	20	-0.424233478144258	-1.92125184090702	1.98759268895887	0.0622880872415514
royalblue	PM2.5_90Days_mth6	20	-0.453752897513682	-2.07641677533378	2.16030859753335	0.0444806576741663
royalblue	EH_7Days_mth6	36	0.000677601114648873	0.00395106010811185	0.00395106041046264	0.996870610029073
royalblue	EH_30Days_mth6	36	-0.124262879293606	-0.728335239306642	0.73023064679181	0.470251145648264
royalblue	EH_90Days_mth6	36	-0.307465839328094	-1.85275144405954	1.88408526800433	0.0681277536396665
royalblue	weight_mth6	42	0.0276635438537116	0.175004264507787	0.175026597724469	0.861941704780235
royalblue	postpart_epds_bbmr	11	0.728656170905356	2.77756927059791	3.19175551076695	0.0109755914825925
royalblue	infant_apgar1_bbmr	28	-0.0822230460556417	-0.4202055809616	0.420681363303136	0.677444675364165
royalblue	infant_apgar5_bbmr	28	-0.011483326024136	-0.0585562774443845	0.0585575645039446	0.953752260188658
royalblue	infant_weight_bbmr	23	0.271533439646479	1.27633247841059	1.29289800434883	0.210090219781218
royalblue	breastfeeding	42	-0.00680569044765776	-0.0430436302941769	0.0430439625835419	0.965880645483444
royalblue	feeding_mth6	42	0.135615009669552	0.863021565506582	0.865702326066131	0.391816269146202
royalblue	ex_feeding_mth6	42	-0.135615009669552	-0.863021565506582	0.865702326066131	0.391816269146202
